Date,Stock_Volume,keyword,클라우드,매출,추진,글로벌,성장,공개,케어,대표,캡스,랜섬웨어,위협,안전,플랫폼,데이터,하반기,보안,서비스,무인,솔루션,기록,금융,고객,포인트,공격,로봇,사업,기술,카카오,프로,매장,영상,대응,공모,투자,투자자,뱅크,심사,시장,주주,기업,가치,증권,자금,증시,분할,주식,평가,거래소,주가,회사,희망,자회사,거래,배당,에스원,SK 쉴더스,KT텔레캅,아이디스,코로나,인증,백신,QR코드
2020-01-02,"66,887",61,0,0,0,0,0,0,1,0,0,0,0,0,0,0,0,0,0,0,1,0,1,0,0,0,9,0,1,0,0,0,0,0,0,1,0,1,0,0,0,0,0,9,1,0,0,0,1,0,9,0,0,0,9,0,9,0,0,8,0,0,0,0
2020-01-03,"78,066",40,0,0,0,0,0,0,1,0,0,0,0,0,0,0,0,0,0,0,1,2,1,0,0,0,6,0,0,1,0,0,0,0,0,0,0,0,0,2,0,0,0,6,1,0,0,0,0,0,6,0,0,0,4,0,6,0,0,3,0,0,0,0
2020-01-06,"49,312",60,1,1,0,1,1,0,2,1,1,0,1,1,1,1,0,1,1,0,3,1,3,1,1,1,4,1,1,2,0,0,1,1,0,0,0,0,0,2,0,1,1,4,2,0,0,0,1,0,4,1,0,1,3,0,5,0,0,1,0,0,0,0
2020-01-07,"55,727",40,0,0,0,0,0,0,2,0,0,0,0,0,0,0,0,0,0,0,2,2,2,0,0,0,5,0,2,0,0,0,0,0,0,0,0,0,0,2,0,0,0,5,2,0,0,0,0,0,5,0,0,0,3,0,5,0,0,1,0,2,0,0
2020-01-08,"70,144",30,0,0,0,0,1,0,0,1,0,0,0,1,1,0,0,0,1,0,0,3,0,0,0,0,3,0,0,0,1,0,1,0,0,0,0,0,0,4,0,1,0,3,0,0,0,0,0,0,4,0,0,0,0,0,5,0,0,0,0,0,0,0
2020-01-09,"74,737",41,0,0,0,0,0,0,2,0,0,0,0,0,0,0,0,0,0,0,2,0,2,0,0,0,6,0,0,0,0,0,0,0,0,0,0,0,0,0,0,0,0,6,2,0,0,0,0,0,6,0,0,0,6,0,6,0,0,3,0,0,0,0
2020-01-10,"54,262",24,0,0,0,0,0,0,2,0,0,0,0,0,0,0,0,0,0,0,2,0,2,0,0,0,3,0,0,0,0,0,0,0,0,0,0,0,0,0,0,0,0,3,2,0,0,0,0,0,3,0,0,0,3,0,3,0,0,1,0,0,0,0
2020-01-13,"47,984",54,0,0,0,0,0,0,2,0,0,0,0,0,1,1,0,0,1,0,2,0,3,1,0,0,5,1,1,0,1,0,1,0,0,1,0,1,0,1,0,1,0,5,2,0,0,0,0,0,5,1,0,1,6,0,6,0,0,3,0,1,0,0
2020-01-14,"56,702",19,0,0,0,0,0,0,1,1,0,0,0,0,0,0,0,0,1,0,1,0,1,0,0,0,1,0,0,1,1,0,0,0,0,0,0,0,0,1,0,1,1,1,1,0,0,1,0,0,1,1,0,0,1,0,2,0,0,0,0,0,0,0
2020-01-15,"41,427",27,0,0,0,0,0,0,0,0,0,0,0,0,0,0,0,0,0,0,1,0,0,0,0,0,4,0,1,0,0,0,0,0,0,1,0,0,0,0,0,0,0,4,0,0,0,0,1,0,4,0,0,0,4,0,4,0,0,3,0,0,0,0
2020-01-16,"53,856",24,0,0,0,0,0,0,0,0,0,0,0,0,0,0,0,0,0,0,0,0,0,0,0,0,4,0,0,0,0,0,0,0,0,0,0,0,0,0,0,0,0,4,0,0,0,0,0,0,4,0,0,0,4,0,4,0,0,4,0,0,0,0
2020-01-17,"52,793",87,0,0,0,0,0,0,7,0,0,0,0,0,0,0,0,0,0,0,7,1,7,0,0,0,10,0,1,3,0,0,0,0,0,1,0,0,0,0,0,0,0,10,7,0,0,0,1,0,10,0,0,0,10,0,10,0,0,2,0,0,0,0
2020-01-20,"58,344",270,1,0,0,21,12,3,0,31,1,0,1,0,0,3,0,20,2,0,28,0,2,0,1,0,0,29,14,0,3,1,4,4,0,4,0,0,1,8,1,19,0,1,1,0,1,0,9,0,3,8,0,0,0,1,31,0,1,0,0,0,0,0
2020-01-21,"30,591",237,0,1,13,13,14,2,0,7,1,0,0,2,3,3,0,14,1,0,11,2,7,0,2,0,2,21,16,0,3,0,3,3,0,5,0,3,3,3,1,7,0,7,2,0,0,0,7,0,4,13,0,1,3,1,28,0,2,2,0,0,1,0
2020-01-22,"35,157",20,0,0,1,0,0,0,1,1,0,0,0,0,0,0,0,0,0,0,1,1,2,0,0,0,1,1,1,0,0,0,0,0,0,1,0,0,0,0,0,0,0,2,1,0,0,0,1,0,1,0,0,0,1,0,3,0,0,0,0,0,0,0
2020-01-23,"71,565",78,1,0,0,1,1,0,1,1,2,0,0,5,1,1,0,4,4,0,3,1,3,2,1,0,1,3,1,0,3,3,2,5,0,1,1,0,1,1,0,4,0,2,1,0,0,0,1,0,1,1,0,1,4,0,7,0,2,0,0,0,0,0
2020-01-28,"78,912",30,0,0,0,0,0,0,0,0,0,0,0,0,0,0,0,0,0,0,0,0,0,0,0,0,5,0,1,0,0,0,0,0,0,1,0,0,0,0,0,0,0,5,0,0,0,0,1,0,5,0,0,0,5,0,5,0,0,2,0,0,0,0
2020-01-29,"283,468",15,0,0,0,0,0,0,1,0,0,0,0,0,0,0,0,0,0,0,2,0,1,0,0,0,2,0,0,0,0,0,0,0,0,0,0,0,0,0,0,0,0,2,1,0,0,0,0,0,2,0,0,0,2,0,2,0,0,0,0,0,0,0
2020-01-30,"53,996",16,0,0,0,0,0,0,1,0,0,0,0,0,0,0,0,0,0,0,2,0,1,0,0,0,2,0,0,0,0,0,0,0,0,0,0,0,0,0,0,0,0,2,1,0,0,0,0,0,2,0,0,0,2,0,3,0,0,0,0,0,0,0
2020-01-31,"48,466",75,0,6,0,1,1,0,0,1,0,0,0,0,0,1,0,0,1,0,1,3,2,0,0,0,4,1,0,0,0,0,3,0,0,2,1,0,1,1,2,2,0,6,1,0,0,3,0,2,5,1,0,1,5,4,12,0,0,1,0,0,0,0
2020-02-03,"54,978",442,0,7,1,5,6,5,2,8,2,0,0,1,2,34,0,5,35,0,3,5,5,28,1,2,6,39,11,3,7,8,9,1,0,9,2,0,0,8,0,8,2,14,4,0,0,4,4,0,11,39,3,31,7,1,52,0,0,2,0,0,0,0
2020-02-04,"80,799",47,0,0,0,0,1,0,1,0,0,0,0,0,0,1,0,0,3,0,1,1,2,2,0,0,3,4,1,0,1,0,1,0,0,0,0,0,0,2,0,1,0,3,1,0,0,0,0,0,3,2,0,2,3,0,7,0,0,0,1,0,0,0
2020-02-05,"57,894",52,0,0,0,0,0,0,2,0,0,0,0,0,0,2,0,0,2,0,3,0,2,1,1,0,5,2,0,1,0,0,2,0,0,0,0,0,0,1,0,0,0,5,2,0,0,0,0,0,5,2,0,2,5,0,7,0,0,0,0,0,0,0
2020-02-06,"41,261",72,0,0,0,0,0,2,2,1,0,0,0,0,1,3,0,1,2,1,3,0,3,1,1,0,4,2,3,2,0,1,0,0,0,2,0,0,0,0,0,1,0,4,2,0,1,1,1,0,5,4,0,2,6,0,9,0,0,1,0,0,0,0
2020-02-07,"45,344",32,0,0,0,0,0,0,0,0,0,0,0,0,0,1,0,0,1,0,2,0,0,0,0,0,4,1,0,0,1,0,0,0,0,0,0,0,0,1,0,0,0,4,0,0,0,0,0,0,4,1,0,1,4,0,5,0,0,2,0,0,0,0
2020-02-10,"51,469",32,1,1,1,2,0,1,0,1,1,0,0,0,0,0,0,1,2,1,1,0,0,0,0,0,1,1,1,0,0,0,1,1,0,0,0,0,0,1,1,2,0,2,0,0,0,0,2,0,1,0,0,0,1,0,3,0,1,0,0,0,0,0
2020-02-11,"35,831",87,0,4,0,0,4,0,0,0,0,0,0,0,0,0,0,5,0,3,2,3,0,3,0,0,5,4,1,0,1,3,1,0,0,4,0,3,0,1,0,0,0,9,0,0,0,0,2,0,9,1,0,0,5,0,11,0,0,3,0,0,0,0
2020-02-12,"51,795",60,0,0,0,0,0,0,1,0,0,0,0,0,0,0,0,0,0,0,2,0,1,0,0,0,9,0,1,0,0,0,0,0,0,1,0,1,0,0,0,0,0,9,1,0,0,0,1,0,9,0,0,0,9,0,9,0,0,6,0,0,0,0
2020-02-13,"63,067",55,0,0,0,0,0,0,3,0,0,0,0,0,0,1,1,0,1,0,4,1,3,0,0,1,6,0,1,1,1,0,0,0,0,0,0,1,0,1,0,0,0,6,3,0,0,0,0,0,6,0,0,0,6,0,7,0,0,1,0,0,0,0
2020-02-14,"48,312",23,0,0,0,0,0,0,0,0,0,0,0,0,0,0,0,0,0,0,1,1,0,0,0,0,4,0,0,0,0,0,0,0,0,0,0,0,0,1,0,1,0,4,0,0,0,0,0,0,4,0,0,0,3,0,4,0,0,0,0,0,0,0
2020-02-17,"40,947",43,0,0,0,0,0,1,1,0,0,0,0,0,0,0,0,0,1,0,2,3,1,0,0,1,5,0,0,0,0,0,0,1,0,0,0,0,0,3,0,2,0,6,1,0,0,0,1,0,5,1,0,0,2,0,6,0,0,0,0,0,0,0
2020-02-18,"42,260",48,1,0,0,1,1,1,0,0,1,0,0,1,1,1,0,1,2,1,1,3,0,1,0,1,3,0,1,0,0,0,1,2,0,0,0,0,0,4,0,3,0,4,0,0,0,0,1,0,3,2,0,0,0,0,5,0,1,0,0,0,0,0
2020-02-19,"43,150",40,0,0,1,0,1,0,0,1,1,0,0,0,0,1,0,1,0,0,0,0,1,0,0,0,4,0,1,0,0,0,0,1,0,1,0,0,0,1,0,1,0,4,0,0,0,0,0,0,4,1,0,0,4,0,6,0,0,3,1,1,0,0
2020-02-20,"55,882",27,0,0,0,0,1,0,0,0,0,0,0,0,0,0,0,0,1,0,2,0,0,0,0,0,4,0,0,0,0,0,0,0,0,0,0,0,0,0,0,0,0,5,0,0,0,0,0,0,4,0,0,0,4,0,5,0,0,1,0,0,0,0
2020-02-21,"51,953",31,0,1,1,0,0,0,1,2,0,0,0,1,0,0,0,1,2,1,1,0,1,2,0,0,1,1,0,1,0,0,1,0,0,0,0,0,0,1,1,1,0,1,1,0,0,1,1,0,1,0,1,0,1,0,3,0,0,0,0,0,0,0
2020-02-24,"66,093",149,0,0,7,0,0,0,1,0,0,0,0,0,0,1,0,8,7,8,1,0,1,9,1,0,4,1,11,7,0,7,2,7,0,8,0,0,0,1,0,1,7,4,1,0,0,0,2,0,4,2,0,1,4,0,13,0,0,3,0,8,0,7
2020-02-25,"67,074",78,0,0,0,0,0,0,1,0,0,0,0,0,0,1,1,0,1,0,1,0,1,1,0,0,11,0,3,0,0,0,0,0,0,2,0,0,0,0,0,0,0,11,1,0,0,0,2,0,11,0,0,0,11,0,12,0,0,7,0,0,0,0
2020-02-26,"81,330",221,0,0,0,0,25,3,2,1,0,0,0,0,0,3,0,0,3,0,3,1,2,0,1,0,6,0,2,1,0,0,3,1,0,2,0,0,0,5,0,6,0,32,26,0,0,1,2,0,10,11,1,1,5,0,33,0,0,2,27,0,0,0
2020-02-27,"142,693",67,0,0,1,0,6,0,1,0,0,0,0,0,0,0,0,0,2,0,2,0,1,1,0,0,3,2,0,0,0,0,1,0,0,0,0,0,0,0,0,2,0,9,7,0,0,0,0,0,3,4,0,0,3,1,10,0,0,2,6,0,0,0
2020-02-28,"102,578",139,0,0,0,0,0,6,1,1,0,0,0,0,0,1,0,0,11,0,1,0,1,0,1,0,5,2,2,0,0,0,3,0,0,2,0,0,0,0,0,2,0,28,1,0,0,1,3,0,6,20,1,0,5,0,30,0,0,3,2,0,0,0
2020-03-02,"74,646",73,0,0,0,1,2,0,1,1,0,0,0,0,0,0,0,0,3,0,1,0,2,0,0,0,6,3,0,0,0,0,0,0,0,1,0,0,0,0,1,2,0,10,3,0,0,1,0,1,6,4,0,1,7,0,10,0,0,3,3,0,0,0
2020-03-03,"73,175",26,0,0,0,0,0,0,0,0,0,0,0,1,0,0,0,0,0,0,1,0,0,0,0,0,4,0,0,0,0,0,0,0,0,0,0,0,0,0,0,0,0,4,0,0,0,0,0,0,4,0,0,0,4,0,5,0,0,2,1,0,0,0
2020-03-04,"67,706",38,0,0,0,1,1,0,0,1,0,0,0,1,0,0,0,0,0,0,0,0,1,0,0,0,2,1,1,0,0,0,0,0,0,1,0,2,0,0,2,1,0,3,1,0,1,0,0,0,3,2,1,0,2,0,5,0,0,2,3,0,0,0
2020-03-05,"56,175",24,0,0,0,0,0,0,0,0,0,0,0,0,0,2,0,0,2,0,0,0,0,0,0,0,2,2,2,0,2,0,0,0,0,0,0,0,0,0,0,0,0,2,0,0,0,0,0,0,2,0,0,0,2,0,4,0,0,2,0,0,0,0
2020-03-06,"53,556",45,0,0,0,0,0,0,4,1,0,0,0,0,0,0,0,0,0,0,4,1,4,0,0,0,4,0,0,2,0,0,0,0,0,0,0,0,0,0,0,0,0,5,4,0,0,0,1,0,4,0,0,0,5,0,5,0,0,0,1,0,0,0
2020-03-09,"64,194",115,0,0,0,0,0,0,6,0,0,0,0,0,0,0,0,0,0,0,6,0,9,0,0,0,10,1,1,2,0,0,0,0,0,3,3,0,0,3,3,1,1,13,6,0,0,0,3,3,10,1,0,0,13,0,13,0,0,3,0,1,0,0
2020-03-10,"80,519",29,0,0,0,0,0,0,1,0,0,0,0,0,0,0,0,0,0,0,1,0,1,0,0,0,4,0,0,1,0,0,0,0,0,0,0,1,0,0,0,0,0,4,1,0,0,0,0,0,4,0,0,0,4,0,4,0,0,3,0,0,0,0
2020-03-11,"116,456",224,0,0,1,0,0,1,3,2,0,0,0,0,0,6,0,0,17,0,3,0,4,18,2,0,9,21,2,1,3,0,1,1,0,2,0,0,0,0,0,0,0,9,3,0,0,0,1,0,10,19,1,19,9,0,30,0,0,5,21,0,0,0
2020-03-12,"124,518",105,0,0,0,0,0,1,3,0,0,0,0,0,0,0,1,0,1,0,3,0,4,0,0,0,14,0,1,1,0,0,1,0,0,1,0,0,0,0,0,1,0,15,3,0,0,0,1,0,14,0,0,0,14,0,15,0,0,10,1,0,0,0
2020-03-13,"176,111",12,0,0,0,0,0,0,0,0,0,0,0,0,0,0,0,0,1,0,0,1,1,0,0,0,1,0,0,0,0,0,0,0,0,0,0,0,0,1,0,1,0,1,0,0,0,0,0,0,2,0,0,0,1,0,2,0,0,0,0,0,0,0
2020-03-16,"107,699",281,0,0,1,0,9,0,3,11,0,0,0,11,11,0,0,11,11,11,15,9,15,11,1,0,12,11,11,0,8,0,0,1,1,1,0,2,0,12,0,1,9,13,4,0,0,0,10,0,12,1,0,0,12,0,24,0,0,3,3,0,0,0
2020-03-17,"124,614",56,0,0,0,0,1,1,2,3,0,0,0,0,0,1,0,0,0,0,2,0,3,0,0,0,3,1,1,1,0,0,0,1,0,2,1,0,0,1,1,3,1,4,2,1,0,1,1,0,5,0,0,0,4,0,6,0,0,1,2,0,0,0
2020-03-18,"126,497",91,0,0,0,0,1,0,3,1,0,0,0,1,0,0,0,1,0,0,3,2,4,0,0,0,9,1,3,1,0,0,0,1,0,4,0,0,0,1,0,1,0,10,3,0,0,1,3,0,10,0,0,0,9,1,10,0,0,6,1,0,0,0
2020-03-19,"144,985",259,0,1,0,1,0,0,10,2,0,0,0,0,0,0,0,1,0,1,12,0,10,0,0,0,33,0,3,1,2,1,1,0,0,3,1,2,0,1,0,1,0,35,10,1,0,1,3,0,33,1,0,0,35,0,36,0,0,14,1,2,0,0
2020-03-20,"141,606",192,0,0,0,1,0,0,9,2,0,0,0,1,0,0,0,0,0,0,8,0,8,0,0,0,24,1,4,0,1,0,0,0,0,2,0,1,1,0,0,0,0,25,8,0,0,2,3,0,24,1,0,1,25,0,26,0,0,10,1,3,0,0
2020-03-23,"103,901",132,1,1,0,0,2,0,6,1,0,0,0,0,0,0,0,2,1,1,7,3,8,0,1,0,11,1,0,0,0,1,0,0,0,1,0,1,0,2,0,2,1,14,7,1,0,2,1,2,14,1,0,0,13,0,14,0,0,6,2,1,0,0
2020-03-24,"105,137",105,0,0,0,0,0,0,3,1,0,0,0,0,0,0,0,0,1,0,3,1,3,0,0,0,14,0,0,1,0,0,0,0,0,0,0,2,0,2,1,0,1,15,3,1,0,1,1,0,15,0,0,0,14,0,16,0,0,5,1,0,0,0
2020-03-25,"123,635",129,0,1,0,1,1,0,6,1,0,0,0,1,1,0,0,1,0,0,7,0,6,0,1,0,14,1,3,1,1,0,0,0,0,1,0,2,0,1,0,1,0,15,7,1,0,0,0,0,14,1,0,0,14,0,15,0,0,6,1,3,0,0
2020-03-26,"118,456",93,0,0,0,0,0,0,5,0,0,0,0,0,0,0,0,0,0,0,5,0,5,0,0,0,12,0,2,2,0,0,0,0,0,2,0,1,0,0,0,0,0,12,5,0,0,0,2,0,12,0,0,0,12,0,12,0,0,4,0,0,0,0
2020-03-27,"118,304",92,0,0,0,0,0,0,6,0,0,0,0,0,0,0,0,0,0,0,6,0,6,0,0,0,11,0,3,0,0,0,0,0,0,1,0,2,0,0,0,0,0,11,6,0,0,0,1,0,11,0,0,0,11,0,11,0,0,4,0,2,0,0
2020-03-30,"72,070",319,0,0,0,1,2,1,3,4,0,0,0,2,0,35,0,1,24,1,5,0,4,31,0,1,10,37,3,2,0,1,5,0,0,2,0,4,0,8,0,2,2,11,3,0,0,1,1,0,11,6,0,2,11,0,48,0,0,5,28,1,0,0
2020-03-31,"88,619",144,0,0,0,1,4,0,3,3,0,0,0,1,0,2,0,3,3,1,5,0,3,3,0,0,14,3,4,0,0,1,1,0,0,3,0,0,0,4,0,3,3,15,2,0,0,0,3,0,14,0,0,0,14,0,19,0,0,8,1,0,0,0
2020-04-01,"85,399",166,0,0,0,0,0,0,6,0,0,0,0,0,0,0,0,0,0,0,9,2,6,0,0,0,24,0,0,2,0,0,0,0,0,0,0,3,0,0,0,0,0,24,6,0,0,0,0,0,24,0,0,0,24,0,24,0,0,12,0,0,0,0
2020-04-02,"87,781",64,0,0,0,0,0,0,5,0,0,0,0,0,0,0,0,0,0,0,5,0,5,0,0,0,8,0,0,1,0,0,0,0,0,0,0,1,0,0,0,0,0,8,5,0,0,0,0,0,8,0,0,0,8,0,8,0,0,2,0,0,0,0
2020-04-03,"70,008",69,0,0,0,0,0,0,4,0,0,0,0,0,0,0,0,0,0,0,4,0,4,0,0,0,10,0,0,0,0,0,0,0,0,0,0,0,0,0,0,0,0,10,4,0,0,0,0,0,10,0,0,0,10,0,10,0,0,3,0,0,0,0
2020-04-06,"85,470",146,1,1,1,1,4,0,7,1,1,0,0,0,1,2,0,5,2,2,8,2,9,1,0,0,10,2,7,2,1,0,3,0,0,3,2,0,0,4,0,2,1,11,7,0,0,1,2,1,9,0,0,0,9,0,13,0,1,1,2,3,0,0
2020-04-07,"77,309",129,0,0,0,0,0,0,11,1,0,0,0,0,0,0,0,0,0,0,12,1,12,0,0,0,14,1,0,1,0,0,0,0,0,0,0,0,0,0,0,1,0,15,11,0,0,0,1,0,14,0,0,0,14,0,15,0,0,3,1,0,0,1
2020-04-08,"80,087",122,0,0,0,1,2,1,7,2,0,0,0,1,0,2,1,0,2,0,7,2,8,0,0,0,10,2,1,1,2,0,0,0,0,2,0,1,0,1,0,2,1,12,6,1,0,1,2,0,12,2,0,0,10,0,13,0,0,2,2,0,0,0
2020-04-09,"87,322",49,0,0,0,0,0,0,0,0,0,0,0,0,0,0,0,0,0,0,0,0,0,0,0,0,6,0,2,0,0,0,0,0,0,2,0,0,0,0,0,0,0,9,0,0,0,0,2,0,6,0,0,0,6,0,9,0,0,6,1,0,0,0
2020-04-10,"52,942",146,0,0,0,0,0,3,7,1,0,0,0,0,0,4,3,0,0,0,7,0,7,0,0,0,14,0,5,0,0,0,0,0,0,0,0,1,3,1,0,4,0,18,7,0,0,0,4,0,15,0,0,0,14,0,18,0,0,5,4,1,0,0
2020-04-13,"46,660",66,0,0,0,0,0,0,3,0,0,0,0,0,0,0,0,0,0,0,3,0,3,0,0,0,10,0,0,1,0,0,0,0,0,0,0,1,0,0,0,0,0,10,3,0,0,0,0,0,10,0,0,0,10,0,10,0,0,2,0,0,0,0
2020-04-14,"49,264",86,0,0,1,1,1,0,5,0,0,0,0,0,0,0,0,1,2,1,7,0,5,0,0,1,8,2,1,1,0,0,0,0,0,2,1,0,0,2,0,2,1,8,5,0,0,0,1,0,8,1,0,1,7,0,9,0,0,1,0,0,0,0
2020-04-16,"95,787",113,0,0,1,1,1,0,8,0,0,0,0,0,0,0,0,1,2,1,9,1,8,0,0,0,12,1,1,1,0,0,0,0,0,1,1,0,0,2,0,1,1,12,8,0,0,0,0,0,12,1,0,1,11,0,12,0,0,2,0,0,0,0
2020-04-17,"81,187",109,0,3,0,0,2,0,3,2,0,0,0,0,1,0,1,3,5,2,5,3,3,2,2,0,7,1,3,0,1,2,2,0,0,4,1,0,0,2,0,1,0,9,3,0,0,0,3,0,8,1,0,1,6,0,11,0,0,1,4,1,0,0
2020-04-20,"84,956",110,0,1,1,0,0,1,4,2,1,0,1,1,0,0,0,3,1,0,6,1,4,0,0,0,10,2,1,1,1,0,0,0,0,2,0,2,1,0,1,3,1,12,4,0,0,0,1,0,10,2,1,0,10,0,13,0,0,2,2,1,0,0
2020-04-21,"73,385",68,0,0,0,0,0,0,3,0,0,0,0,0,0,0,0,0,0,0,3,0,3,0,0,0,10,0,0,0,0,0,0,0,0,0,0,2,0,0,0,0,0,10,3,0,0,0,0,0,10,0,0,0,10,0,10,0,0,4,0,0,0,0
2020-04-22,"61,608",376,0,0,13,15,0,3,3,3,0,0,0,0,22,1,19,21,21,0,22,0,5,19,0,0,24,22,21,15,1,0,1,0,0,3,0,0,1,3,0,15,19,10,5,0,0,0,1,0,11,3,0,0,10,0,32,0,0,6,6,0,0,0
2020-04-23,"66,148",198,0,0,3,2,1,0,5,0,0,0,0,0,5,0,1,7,8,1,7,8,6,10,0,0,12,16,10,2,1,0,1,0,0,2,1,2,0,9,0,3,5,7,8,0,0,0,3,0,8,3,0,1,6,0,22,0,0,2,10,0,0,0
2020-04-24,"43,832",99,0,6,0,0,1,0,2,0,0,0,1,0,1,3,0,1,2,0,3,3,3,3,0,0,8,3,3,0,0,0,1,0,0,0,0,0,0,2,1,0,1,7,2,0,0,0,1,2,7,1,0,0,7,0,15,0,0,3,5,1,0,0
2020-04-27,"44,747",105,0,5,2,0,4,0,0,0,0,0,0,0,1,0,1,3,5,1,2,2,0,3,0,0,6,4,3,0,1,0,1,0,0,5,2,0,0,5,0,3,1,8,0,0,0,0,4,0,7,2,0,1,4,0,11,0,1,4,3,0,0,0
2020-04-28,"62,640",176,0,0,0,1,1,2,1,17,0,0,0,13,1,2,0,0,1,1,1,1,1,2,1,0,3,17,1,0,2,1,3,0,0,1,0,0,0,18,0,1,1,4,1,0,0,0,0,0,5,15,0,14,3,0,21,0,0,2,17,0,0,0
2020-04-29,"62,138",34,0,0,0,0,0,1,0,1,0,0,0,0,0,0,0,0,0,0,0,0,0,0,0,0,3,1,3,0,1,0,0,0,0,2,0,0,0,0,0,0,1,3,1,0,0,0,3,0,3,1,0,0,3,0,4,0,0,2,1,0,0,0
2020-05-04,"115,139",53,0,0,1,1,0,0,0,0,0,0,0,0,1,0,0,1,1,0,2,0,1,1,0,0,6,1,1,0,0,0,0,0,0,0,0,2,0,1,0,1,1,6,1,0,0,0,0,0,6,1,0,0,6,0,7,0,0,4,0,0,0,0
2020-05-06,"61,418",128,0,1,1,2,2,0,3,0,0,0,0,0,0,0,0,2,2,2,4,1,4,1,0,0,12,2,2,2,1,0,1,0,0,3,3,1,0,3,1,2,2,13,3,1,0,1,1,0,12,2,0,2,9,1,13,0,1,7,2,0,0,0
2020-05-07,"74,722",133,0,0,2,2,1,0,9,0,0,0,0,0,0,0,0,1,2,1,9,2,9,0,0,0,10,1,1,1,2,0,0,1,0,1,1,0,0,1,0,4,3,12,9,2,0,0,1,0,12,2,0,2,11,0,13,0,0,0,2,3,0,0
2020-05-08,"48,346",55,0,2,0,0,2,1,1,0,0,0,0,0,2,1,1,1,2,0,3,0,2,0,0,0,5,2,1,0,0,0,0,0,0,2,1,0,0,2,0,1,0,4,1,0,0,0,1,0,5,0,1,0,3,0,6,0,0,1,1,0,0,0
2020-05-11,"57,670",301,0,7,0,0,12,5,2,2,0,0,0,0,0,10,0,0,12,0,2,1,3,29,23,0,8,22,1,1,27,8,7,0,0,2,0,0,0,0,0,0,7,10,2,0,0,2,3,0,13,3,0,0,8,0,55,0,0,4,10,0,0,0
2020-05-12,"57,897",47,0,0,0,0,0,0,3,0,0,0,0,0,0,0,0,0,0,0,3,0,3,0,0,0,6,0,0,2,0,0,0,0,0,0,0,0,0,0,0,0,0,6,3,0,0,0,0,0,6,0,0,0,6,0,6,0,0,3,0,0,0,0
2020-05-13,"82,898",115,2,0,0,0,1,0,2,0,0,0,0,0,0,0,0,3,3,0,3,0,4,1,0,0,11,1,3,3,0,0,0,0,0,3,1,2,0,4,0,3,0,13,2,0,0,1,1,1,13,0,0,0,12,0,15,0,0,5,2,0,0,0
2020-05-14,"66,659",101,0,0,0,0,0,0,5,0,0,0,0,0,0,0,0,1,1,0,6,1,5,0,0,0,13,1,0,3,0,0,0,0,0,0,0,0,0,0,0,0,0,13,5,0,0,0,0,0,13,0,0,0,13,0,14,0,0,7,0,0,0,0
2020-05-15,"38,423",93,0,0,0,0,0,0,5,1,0,0,0,0,0,0,0,0,1,0,5,1,6,0,0,0,12,0,0,2,0,0,0,0,0,0,0,0,0,1,0,0,0,12,5,0,0,0,0,0,12,0,0,0,12,0,12,0,0,5,0,1,0,0
2020-05-18,"33,109",234,0,0,1,2,1,1,10,12,0,0,0,13,0,1,0,14,13,1,9,0,9,0,0,0,12,12,14,1,2,0,13,0,0,3,1,0,0,1,0,2,2,13,9,0,0,1,1,0,13,2,0,2,11,0,25,0,0,2,3,2,0,0
2020-05-19,"37,752",166,0,1,0,1,2,1,12,1,1,0,0,0,1,1,1,2,2,0,14,2,12,0,0,0,17,1,2,2,0,0,0,0,0,1,1,1,0,2,0,2,0,16,11,0,0,0,0,0,16,0,1,0,15,0,18,0,0,3,2,1,0,0
2020-05-20,"34,692",144,0,0,1,1,1,0,12,1,0,0,0,0,0,0,0,1,2,1,12,0,14,0,1,0,13,1,3,1,0,0,0,0,0,2,1,0,0,2,0,2,1,13,12,0,0,1,0,0,13,1,0,1,12,0,14,0,0,0,1,2,1,0
2020-05-21,"37,358",93,0,2,0,0,2,1,3,0,1,0,0,1,1,1,1,3,3,1,7,1,3,1,0,0,8,3,2,0,0,1,0,0,0,1,1,0,0,2,0,2,0,9,3,0,0,0,0,0,8,0,0,0,7,0,10,0,1,2,1,0,0,0
2020-05-22,"50,524",206,0,1,1,1,2,1,13,0,0,0,0,0,1,1,1,2,3,1,14,0,13,0,0,0,22,2,2,2,0,0,0,0,0,2,2,0,0,2,0,3,1,22,13,0,0,1,0,0,22,2,0,1,20,0,24,0,0,8,0,0,0,0
2020-05-25,"26,983",37,0,0,0,0,0,0,3,0,0,0,0,0,0,0,0,0,1,0,3,1,3,0,0,0,3,0,2,1,0,0,0,0,0,0,0,0,0,1,0,0,0,3,3,1,0,0,0,0,3,0,0,0,3,0,4,0,0,0,0,2,0,0
2020-05-26,"49,900",124,0,0,1,2,1,0,5,2,0,0,0,0,0,0,0,1,2,1,6,0,6,0,0,0,11,2,3,2,1,0,1,0,0,1,1,0,0,2,1,2,3,12,6,0,0,1,2,1,12,3,0,1,11,0,13,0,0,2,2,1,0,0
2020-05-27,"41,768",103,0,0,4,5,0,3,1,5,0,0,0,1,4,0,0,4,6,0,6,0,1,1,0,0,4,6,0,2,2,0,0,1,0,0,0,0,0,0,0,1,5,5,4,0,0,2,2,0,4,3,0,0,4,0,12,0,0,2,3,0,0,0
2020-05-28,"69,062",58,0,0,0,0,0,0,3,0,0,0,0,0,0,0,0,0,0,0,4,0,3,0,0,0,8,0,0,0,0,0,0,0,0,0,0,0,0,0,0,0,0,8,3,0,0,0,0,0,8,0,0,0,8,0,8,0,0,5,0,0,0,0
2020-05-29,"111,196",135,0,0,0,0,0,0,1,1,0,0,0,0,0,0,0,1,1,0,1,0,7,0,0,0,11,1,1,0,1,0,0,0,0,0,0,0,0,7,1,7,0,16,5,0,0,5,1,5,17,2,0,0,15,0,18,0,0,8,2,0,0,0
2020-06-01,"73,711",110,0,5,0,1,0,0,0,2,0,0,0,0,1,1,2,7,4,0,1,0,3,0,0,0,5,4,3,0,2,0,0,0,0,1,0,0,0,3,2,4,3,8,2,0,1,3,1,2,6,3,0,1,5,1,16,0,0,2,3,1,1,0
2020-06-02,"63,159",128,0,1,0,0,0,1,6,9,0,0,0,0,0,1,0,2,2,0,7,0,13,0,0,0,7,1,1,1,0,0,0,0,3,1,0,0,0,2,1,1,1,8,7,0,1,1,1,1,9,2,0,2,8,1,17,0,0,0,8,1,0,0
2020-06-03,"78,863",39,0,0,0,0,0,0,1,0,0,0,0,0,0,0,0,0,0,0,1,0,1,0,0,0,6,0,0,0,0,0,0,0,0,0,0,2,0,0,0,0,0,6,1,0,0,0,0,0,6,0,0,0,6,0,6,0,0,3,0,0,0,0
2020-06-04,"71,908",160,0,1,0,1,1,1,0,2,0,0,0,14,0,1,1,6,17,0,14,11,1,0,0,0,2,2,2,0,1,0,1,3,0,3,0,0,0,1,2,15,10,3,0,0,0,0,2,0,4,6,1,0,3,0,21,0,0,2,0,5,0,0
2020-06-05,"46,058",43,0,0,1,1,0,0,1,0,0,0,0,2,0,0,0,0,3,0,3,1,2,0,0,0,3,1,0,0,0,0,0,1,0,0,0,0,0,0,1,2,1,3,2,0,0,0,0,0,3,0,0,0,3,0,6,0,0,2,1,0,0,0
2020-06-08,"64,666",21,0,0,0,0,0,0,1,0,0,0,0,0,0,0,0,0,1,0,1,0,1,0,0,0,2,1,0,0,0,1,0,0,0,0,0,0,0,1,0,1,0,2,1,0,0,0,0,0,2,0,0,0,2,0,3,0,0,1,0,0,0,0
2020-06-09,"65,670",136,0,0,1,1,1,0,11,0,0,0,0,0,0,0,0,1,1,2,11,0,11,0,0,0,14,1,2,1,0,0,0,0,0,1,1,0,0,1,0,1,1,14,11,0,0,0,0,0,14,1,0,1,13,0,15,0,0,3,0,1,0,0
2020-06-10,"52,893",35,0,0,0,0,0,0,3,1,0,0,0,1,0,0,1,1,0,0,3,0,3,0,0,0,3,0,1,0,0,0,0,1,0,0,0,0,0,0,0,0,0,3,3,0,0,0,0,0,3,0,0,0,3,0,4,0,0,0,1,0,0,0
2020-06-11,"94,916",5,0,0,0,0,0,0,0,0,0,0,0,0,0,0,0,0,0,0,0,0,0,0,0,0,1,0,0,0,0,0,0,0,0,0,0,0,0,0,0,0,0,1,0,0,0,0,0,0,1,0,0,0,1,0,1,0,0,0,0,0,0,0
2020-06-12,"56,243",183,0,0,0,0,0,1,13,0,0,0,0,5,0,1,0,0,6,0,13,0,13,0,0,0,14,0,8,2,0,0,1,2,0,1,0,0,0,5,0,6,0,14,13,0,0,1,0,0,15,2,0,0,14,0,20,0,0,1,6,2,0,4
2020-06-15,"58,438",115,0,0,0,0,0,0,9,0,0,0,0,1,0,0,0,0,1,0,9,0,9,0,0,0,13,0,1,0,0,0,0,0,0,0,0,2,0,1,0,1,0,13,9,0,0,0,0,0,13,0,0,0,13,0,14,0,0,3,1,1,0,1
2020-06-16,"51,894",33,0,0,0,0,0,0,0,0,0,0,0,0,0,0,0,1,0,0,0,2,2,0,0,0,2,0,0,0,0,0,0,0,0,1,0,0,0,0,0,2,0,4,1,0,0,2,0,2,4,0,0,0,4,0,4,0,0,2,0,0,0,0
2020-06-17,"48,227",123,0,0,7,0,0,4,2,1,0,0,0,0,0,2,0,3,1,0,5,0,2,2,0,0,7,10,4,0,1,1,2,1,0,2,0,2,0,1,0,5,2,7,1,0,0,0,2,0,9,0,0,0,7,0,17,0,0,6,6,1,0,0
2020-06-18,"34,744",127,0,0,1,1,2,1,8,1,1,0,0,1,0,1,1,2,2,1,8,1,9,1,0,0,10,4,1,0,1,1,1,0,0,1,1,0,0,4,0,1,1,11,9,0,0,0,0,0,11,2,0,1,9,0,14,0,0,0,2,0,0,0
2020-06-19,"52,602",100,0,0,1,1,1,0,8,0,0,0,0,0,0,0,0,1,2,1,8,0,8,0,0,0,10,1,1,1,0,0,0,0,0,1,1,0,0,2,0,1,1,10,8,0,0,0,0,0,10,1,0,1,9,0,10,0,0,1,0,0,0,0
2020-06-22,"49,628",231,2,0,0,0,1,1,1,2,0,0,0,1,0,1,1,7,26,27,28,0,1,3,0,0,3,2,2,27,0,0,1,25,0,1,0,0,0,7,0,10,1,4,1,0,0,1,1,0,4,4,0,0,3,0,30,0,0,0,2,0,0,0
2020-06-23,"71,178",78,2,0,1,0,0,0,3,1,1,0,0,1,0,0,0,1,3,2,6,0,4,1,0,0,5,2,2,2,1,0,0,1,0,1,0,0,0,1,0,2,0,5,3,0,0,0,1,0,5,2,0,1,5,0,8,0,1,2,2,0,0,0
2020-06-24,"53,841",126,1,1,1,1,1,0,10,1,1,0,0,0,0,1,0,3,2,1,10,0,9,1,0,1,10,3,3,1,1,0,1,0,0,1,1,0,0,1,0,2,1,10,9,0,0,0,0,0,10,2,0,1,9,0,12,0,0,1,0,2,0,0
2020-06-25,"68,787",53,0,0,0,0,2,1,2,2,0,0,0,0,0,1,0,0,0,0,2,0,2,0,0,0,5,0,2,0,2,0,0,0,0,0,0,0,0,0,0,2,0,5,2,0,0,0,0,0,6,2,0,0,5,0,7,0,0,3,0,0,0,0
2020-06-26,"45,099",31,0,0,0,0,0,0,3,0,0,0,0,0,0,0,0,0,0,0,2,0,2,0,0,0,4,0,0,0,0,0,0,0,0,0,0,1,0,0,0,0,0,4,2,0,0,0,0,0,4,0,0,0,4,0,4,0,0,1,0,0,0,0
2020-06-29,"41,571",19,0,0,0,0,0,0,1,0,0,0,0,0,0,0,0,0,0,0,1,0,1,0,0,0,3,0,0,0,0,0,0,0,0,0,0,0,0,0,0,0,0,3,1,0,0,0,0,0,3,0,0,0,3,0,3,0,0,0,0,0,0,0
2020-06-30,"66,737",94,0,1,0,0,0,0,3,3,0,0,0,0,1,0,0,0,3,2,3,1,4,1,1,0,9,2,0,0,1,1,1,0,0,0,0,0,0,2,1,2,0,10,3,0,0,0,2,0,9,0,0,0,8,0,12,0,0,5,2,0,1,0
2020-07-01,"39,362",55,0,0,3,1,0,1,0,0,3,0,0,1,0,1,1,0,1,0,0,1,2,1,0,0,4,0,1,0,0,0,0,2,0,0,0,0,0,1,0,1,1,5,0,0,0,0,0,0,5,1,0,0,4,0,8,0,0,2,4,0,0,0
2020-07-02,"59,266",130,0,0,0,0,17,1,1,2,0,0,0,0,0,1,1,2,2,0,1,0,1,0,0,0,3,19,0,1,18,0,1,0,0,1,0,0,0,1,0,1,0,3,1,0,0,0,0,0,4,1,19,0,3,0,22,0,0,1,2,0,0,0
2020-07-03,"27,567",90,1,1,3,0,1,1,2,2,0,0,1,0,2,3,0,1,3,0,4,1,2,2,0,0,4,4,2,0,2,0,2,3,0,3,0,0,2,3,0,3,2,3,2,0,0,0,2,0,3,2,1,0,3,0,8,0,0,1,3,2,0,0
2020-07-06,"33,526",110,0,7,0,0,1,0,3,1,1,1,0,1,1,1,3,2,5,1,3,2,5,1,0,0,5,3,3,1,0,0,0,1,1,3,1,1,0,3,0,4,0,7,2,2,0,0,2,1,5,2,0,0,4,1,15,0,1,2,1,0,0,0
2020-07-07,"51,655",101,0,1,2,2,1,1,3,0,1,0,0,1,1,2,0,0,1,0,2,0,2,0,0,0,8,3,4,0,1,1,1,1,0,4,0,0,0,3,0,2,0,8,2,0,0,0,1,0,10,3,0,0,8,0,12,0,1,6,2,0,0,0
2020-07-08,"45,975",172,0,0,1,1,2,0,13,0,1,1,0,0,1,0,0,2,2,2,14,2,12,1,1,0,15,2,2,4,0,0,1,1,0,2,2,0,0,1,1,2,1,15,12,0,0,1,0,0,16,2,0,1,15,0,17,0,1,2,0,0,0,0
2020-07-09,"53,255",108,0,1,0,0,1,0,3,1,0,0,0,0,1,0,1,1,2,0,4,2,3,0,0,0,14,2,1,0,0,0,0,0,0,1,1,0,0,1,0,1,0,14,3,0,0,0,1,0,13,1,0,0,13,0,15,0,0,7,0,0,0,0
2020-07-10,"46,784",76,0,1,1,1,1,0,6,1,0,0,0,0,0,0,0,0,1,0,5,1,5,1,0,0,7,1,1,1,0,0,0,0,0,1,0,0,0,0,0,1,0,7,5,0,0,0,1,0,7,1,1,0,7,0,8,0,0,2,1,0,0,0
2020-07-13,"44,544",86,0,1,1,1,1,0,6,1,1,0,0,0,0,0,0,1,2,1,5,1,5,1,0,0,7,1,1,0,1,0,0,0,0,1,1,2,0,2,0,3,1,7,4,0,0,0,0,0,7,2,0,1,6,0,9,0,0,1,1,0,0,0
2020-07-14,"46,304",76,0,0,0,0,0,0,7,0,0,0,0,0,0,0,0,0,0,0,7,1,7,0,0,0,9,0,0,0,0,0,0,0,0,0,0,0,0,0,0,0,0,9,7,0,0,0,0,0,9,0,0,0,9,0,9,0,0,2,0,0,0,0
2020-07-15,"44,722",34,0,1,0,0,0,0,0,0,0,0,1,0,0,0,0,1,1,1,0,0,1,0,0,0,3,1,0,0,0,0,0,0,0,1,0,0,0,1,0,0,0,4,1,0,0,0,1,1,4,1,0,0,4,0,4,0,0,1,1,0,0,0
2020-07-16,"37,732",0,0,0,0,0,0,0,0,0,0,0,0,0,0,0,0,0,0,0,0,0,0,0,0,0,0,0,0,0,0,0,0,0,0,0,0,0,0,0,0,0,0,0,0,0,0,0,0,0,0,0,0,0,0,0,0,0,0,0,0,0,0,0
2020-07-17,"32,524",3,0,0,0,0,0,0,0,1,0,0,0,1,0,0,0,0,0,0,0,0,0,0,0,0,0,0,0,0,0,0,0,0,0,0,0,0,0,0,0,0,0,0,0,0,0,0,0,0,0,0,0,0,0,0,1,0,0,0,0,0,0,0
2020-07-20,"35,635",108,0,5,0,0,5,1,0,2,0,0,0,0,0,5,2,10,5,2,3,1,5,7,0,0,0,5,4,2,0,0,1,0,0,5,0,0,0,5,0,3,0,0,0,0,0,0,5,0,8,0,0,0,0,0,10,0,0,0,7,0,0,0
2020-07-21,"43,538",0,0,0,0,0,0,0,0,0,0,0,0,0,0,0,0,0,0,0,0,0,0,0,0,0,0,0,0,0,0,0,0,0,0,0,0,0,0,0,0,0,0,0,0,0,0,0,0,0,0,0,0,0,0,0,0,0,0,0,0,0,0,0
2020-07-22,"32,377",3,0,0,0,0,0,0,0,0,0,0,0,0,0,0,0,0,0,0,0,0,0,0,0,0,0,0,0,0,0,0,0,0,0,0,0,1,0,0,0,0,0,0,0,0,0,0,0,0,0,1,0,0,0,0,1,0,0,0,0,0,0,0
2020-07-23,"59,542",0,0,0,0,0,0,0,0,0,0,0,0,0,0,0,0,0,0,0,0,0,0,0,0,0,0,0,0,0,0,0,0,0,0,0,0,0,0,0,0,0,0,0,0,0,0,0,0,0,0,0,0,0,0,0,0,0,0,0,0,0,0,0
2020-07-24,"28,930",0,0,0,0,0,0,0,0,0,0,0,0,0,0,0,0,0,0,0,0,0,0,0,0,0,0,0,0,0,0,0,0,0,0,0,0,0,0,0,0,0,0,0,0,0,0,0,0,0,0,0,0,0,0,0,0,0,0,0,0,0,0,0
2020-07-27,"22,236",0,0,0,0,0,0,0,0,0,0,0,0,0,0,0,0,0,0,0,0,0,0,0,0,0,0,0,0,0,0,0,0,0,0,0,0,0,0,0,0,0,0,0,0,0,0,0,0,0,0,0,0,0,0,0,0,0,0,0,0,0,0,0
2020-07-28,"70,920",119,1,9,0,0,2,4,0,1,0,0,0,1,0,4,3,3,7,3,1,2,3,2,1,0,0,5,1,3,0,1,4,1,1,2,0,0,0,4,2,2,1,3,1,0,0,1,1,1,5,6,0,1,1,2,15,0,0,0,5,1,1,1
2020-07-29,"172,587",135,0,7,1,0,1,2,0,1,0,0,0,1,0,2,4,4,10,1,1,4,4,1,2,0,0,8,1,1,0,0,2,0,1,5,1,0,0,4,2,6,0,6,2,0,0,5,0,2,5,3,0,1,5,2,17,0,0,0,10,0,0,0
2020-07-30,"42,766",41,1,1,1,1,1,1,0,0,0,0,0,1,1,1,1,1,1,0,1,1,0,1,0,0,0,1,1,0,1,0,1,1,0,2,0,0,0,1,0,3,1,1,1,0,0,0,2,0,1,2,0,1,1,0,3,0,0,0,2,0,0,0
2020-07-31,"49,148",13,0,0,0,0,0,0,0,0,0,0,0,0,0,0,1,0,0,0,0,1,1,0,1,0,0,0,0,0,0,0,0,0,0,1,0,0,0,1,0,1,1,1,0,0,0,0,0,0,1,0,0,0,1,0,1,0,0,0,1,0,0,0
2020-08-03,"46,427",18,0,0,0,0,1,0,0,1,0,0,0,1,0,0,0,1,0,0,0,0,1,0,0,0,0,0,0,0,2,0,1,0,0,1,0,0,0,1,1,1,0,0,0,0,0,0,0,0,0,2,0,1,0,0,2,0,0,0,1,0,0,0
2020-08-04,"39,664",10,0,0,0,0,0,0,0,0,0,0,0,1,0,0,0,0,0,0,1,0,0,0,0,0,0,0,1,0,1,0,0,0,0,0,0,0,0,1,0,1,0,1,0,0,0,1,0,0,0,0,0,0,0,0,1,0,0,0,1,0,0,0
2020-08-05,"29,575",20,0,1,0,1,0,1,1,1,1,0,0,2,0,1,0,2,0,0,0,0,0,0,0,0,0,0,0,0,0,0,1,0,0,0,0,0,0,0,0,1,0,0,0,0,0,0,0,0,0,1,0,0,0,0,3,0,1,0,2,0,0,0
2020-08-06,"45,527",24,0,0,0,0,0,0,0,1,2,0,0,2,0,0,1,3,1,0,1,0,0,1,0,0,0,2,1,0,0,0,1,0,0,1,0,0,0,1,0,0,0,0,0,0,0,0,0,0,0,2,0,0,0,0,3,0,0,0,0,1,0,0
2020-08-07,"50,121",122,0,0,0,0,0,1,1,0,0,0,0,0,0,1,1,0,27,0,0,2,1,0,0,0,0,0,0,0,0,0,2,1,0,1,0,1,0,0,0,4,0,27,0,0,0,1,0,0,1,0,2,0,0,0,27,0,0,0,21,0,0,0
2020-08-10,"39,194",46,0,0,0,0,0,1,0,1,0,0,3,2,0,1,0,0,5,0,0,0,0,0,0,0,0,0,0,0,0,0,1,0,0,0,0,0,0,0,0,4,1,5,0,0,0,0,0,0,2,5,4,5,0,0,5,0,0,0,1,0,0,0
2020-08-11,"76,888",6,0,0,0,0,0,0,0,0,0,0,0,0,0,0,0,0,0,0,0,0,1,0,1,0,0,0,0,0,0,0,0,0,0,1,0,0,0,0,0,0,0,1,0,0,0,0,0,0,0,0,0,0,1,0,1,0,0,0,0,0,0,0
2020-08-12,"35,646",8,0,1,0,0,1,0,0,0,0,0,0,0,0,0,0,0,1,0,0,0,0,1,0,0,0,1,0,0,1,0,0,0,0,1,0,0,0,0,0,0,0,0,0,0,0,0,0,0,0,0,0,0,0,0,1,0,0,0,0,0,0,0
2020-08-13,"55,474",0,0,0,0,0,0,0,0,0,0,0,0,0,0,0,0,0,0,0,0,0,0,0,0,0,0,0,0,0,0,0,0,0,0,0,0,0,0,0,0,0,0,0,0,0,0,0,0,0,0,0,0,0,0,0,0,0,0,0,0,0,0,0
2020-08-14,"60,906",0,0,0,0,0,0,0,0,0,0,0,0,0,0,0,0,0,0,0,0,0,0,0,0,0,0,0,0,0,0,0,0,0,0,0,0,0,0,0,0,0,0,0,0,0,0,0,0,0,0,0,0,0,0,0,0,0,0,0,0,0,0,0
2020-08-18,"74,043",8,0,0,0,0,0,0,0,0,0,0,0,0,0,0,0,0,0,0,1,0,1,0,1,0,0,0,0,1,0,0,0,0,0,1,0,0,0,0,0,0,0,0,0,0,0,0,0,0,0,0,0,0,1,0,1,0,0,0,1,0,0,0
2020-08-19,"34,202",6,0,0,0,0,0,0,0,0,0,0,0,0,0,0,0,0,0,0,0,0,1,0,1,0,0,0,0,0,0,0,0,0,0,1,0,0,0,0,0,0,0,0,0,0,0,0,0,0,0,0,0,0,1,0,1,0,0,0,1,0,0,0
2020-08-20,"67,150",0,0,0,0,0,0,0,0,0,0,0,0,0,0,0,0,0,0,0,0,0,0,0,0,0,0,0,0,0,0,0,0,0,0,0,0,0,0,0,0,0,0,0,0,0,0,0,0,0,0,0,0,0,0,0,0,0,0,0,0,0,0,0
2020-08-21,"48,947",0,0,0,0,0,0,0,0,0,0,0,0,0,0,0,0,0,0,0,0,0,0,0,0,0,0,0,0,0,0,0,0,0,0,0,0,0,0,0,0,0,0,0,0,0,0,0,0,0,0,0,0,0,0,0,0,0,0,0,0,0,0,0
2020-08-24,"44,418",0,0,0,0,0,0,0,0,0,0,0,0,0,0,0,0,0,0,0,0,0,0,0,0,0,0,0,0,0,0,0,0,0,0,0,0,0,0,0,0,0,0,0,0,0,0,0,0,0,0,0,0,0,0,0,0,0,0,0,0,0,0,0
2020-08-25,"42,798",0,0,0,0,0,0,0,0,0,0,0,0,0,0,0,0,0,0,0,0,0,0,0,0,0,0,0,0,0,0,0,0,0,0,0,0,0,0,0,0,0,0,0,0,0,0,0,0,0,0,0,0,0,0,0,0,0,0,0,0,0,0,0
2020-08-26,"47,046",54,1,0,2,2,2,0,0,0,0,0,1,2,1,2,0,2,3,1,2,1,0,1,0,0,0,3,2,0,0,1,2,2,0,2,0,0,0,2,0,3,0,2,0,0,0,0,1,0,1,1,0,0,0,0,4,0,0,0,4,1,0,0
2020-08-27,"57,171",4,0,0,0,0,0,0,0,0,0,0,0,0,0,0,0,0,1,0,0,0,0,0,0,0,0,0,0,0,0,0,0,0,0,0,0,0,0,0,0,0,0,1,0,0,0,0,0,0,0,0,0,0,0,0,1,0,0,0,1,0,0,0
2020-08-28,"38,164",0,0,0,0,0,0,0,0,0,0,0,0,0,0,0,0,0,0,0,0,0,0,0,0,0,0,0,0,0,0,0,0,0,0,0,0,0,0,0,0,0,0,0,0,0,0,0,0,0,0,0,0,0,0,0,0,0,0,0,0,0,0,0
2020-08-31,"82,319",67,0,0,0,0,0,1,0,0,0,0,0,0,0,1,1,0,8,0,0,0,0,8,7,0,0,8,1,0,7,0,2,0,0,1,0,0,0,1,0,1,5,1,1,0,0,0,0,0,1,2,0,1,0,0,8,0,0,0,1,0,0,0
2020-09-01,"63,568",0,0,0,0,0,0,0,0,0,0,0,0,0,0,0,0,0,0,0,0,0,0,0,0,0,0,0,0,0,0,0,0,0,0,0,0,0,0,0,0,0,0,0,0,0,0,0,0,0,0,0,0,0,0,0,0,0,0,0,0,0,0,0
2020-09-02,"62,694",47,0,2,2,1,2,0,0,2,1,0,0,1,0,0,1,1,1,1,1,1,0,0,0,1,0,2,2,1,2,1,2,0,0,1,1,0,0,2,1,1,0,2,0,0,0,1,1,0,1,2,0,1,1,1,2,0,0,0,1,0,0,0
2020-09-03,"52,605",6,0,0,0,0,0,0,0,0,0,0,0,1,0,0,0,1,0,0,0,0,0,0,0,0,0,0,0,0,0,0,0,0,0,0,0,0,0,0,0,0,0,0,0,0,0,0,0,0,0,0,1,0,1,0,1,0,0,0,1,0,0,0
2020-09-04,"91,571",5,0,0,0,0,0,0,0,0,0,0,0,1,0,0,0,1,0,0,0,0,0,0,0,0,0,0,0,0,0,0,0,0,0,0,0,0,0,0,0,0,0,0,0,0,0,0,0,0,0,0,0,0,1,0,1,0,0,0,1,0,0,0
2020-09-07,"39,435",45,0,1,0,0,0,2,0,0,1,0,0,0,0,1,4,1,1,1,1,0,1,1,0,0,0,1,1,1,0,1,0,1,0,3,0,0,0,1,0,4,0,3,0,0,0,0,3,0,1,0,0,0,0,0,4,0,1,0,4,1,0,0
2020-09-08,"48,326",12,0,0,0,0,0,1,0,0,0,0,0,0,0,1,1,0,0,0,0,0,0,0,0,0,0,0,1,0,0,0,0,0,0,1,0,0,0,0,0,1,0,1,0,0,0,0,1,0,1,0,1,0,0,0,1,0,0,0,1,0,0,0
2020-09-09,"49,343",183,0,0,0,12,0,2,0,6,0,0,0,0,0,1,0,1,7,0,0,19,20,0,0,0,0,0,0,18,0,0,2,0,0,0,0,1,0,0,1,20,0,0,0,0,0,0,20,0,1,12,0,0,1,0,20,0,0,0,19,0,0,0
2020-09-10,"69,890",89,0,1,2,0,1,1,0,2,0,0,0,0,6,7,2,1,6,0,0,3,1,7,0,0,0,5,1,0,4,7,4,1,1,2,1,0,0,1,1,1,1,1,1,0,1,1,1,1,1,2,0,1,1,0,8,0,0,0,0,0,0,0
2020-09-11,"43,963",0,0,0,0,0,0,0,0,0,0,0,0,0,0,0,0,0,0,0,0,0,0,0,0,0,0,0,0,0,0,0,0,0,0,0,0,0,0,0,0,0,0,0,0,0,0,0,0,0,0,0,0,0,0,0,0,0,0,0,0,0,0,0
2020-09-14,"36,442",4,0,0,0,0,0,0,0,0,0,0,0,0,0,0,0,0,0,0,0,0,0,1,0,0,0,0,0,0,0,0,0,0,0,0,0,0,0,0,0,0,0,0,0,0,0,0,0,0,0,0,0,0,1,0,1,0,0,0,1,0,0,0
2020-09-15,"97,542",11,0,1,1,0,0,0,0,0,0,0,0,0,0,0,0,0,0,0,0,0,0,0,1,0,0,0,0,0,0,0,0,0,0,0,0,0,0,0,0,0,0,1,0,0,0,0,0,1,1,0,0,0,2,0,2,0,0,0,1,0,0,0
2020-09-16,"50,309",97,8,0,1,0,0,0,0,1,0,0,0,4,0,8,0,8,1,0,8,0,0,8,0,0,0,8,8,0,0,0,2,6,0,1,0,0,0,8,0,8,0,0,0,0,0,0,0,0,0,1,0,0,0,0,8,0,0,0,0,0,0,0
2020-09-17,"74,073",11,1,0,0,0,0,0,0,0,0,0,0,0,0,1,0,1,1,0,1,0,0,1,0,0,0,0,0,0,0,0,1,0,0,0,0,0,0,1,0,1,0,0,0,0,0,0,0,0,0,0,0,0,0,0,1,0,0,0,1,0,0,0
2020-09-18,"52,621",0,0,0,0,0,0,0,0,0,0,0,0,0,0,0,0,0,0,0,0,0,0,0,0,0,0,0,0,0,0,0,0,0,0,0,0,0,0,0,0,0,0,0,0,0,0,0,0,0,0,0,0,0,0,0,0,0,0,0,0,0,0,0
2020-09-21,"61,546",46,1,1,1,2,1,1,1,1,0,0,0,1,1,2,1,2,2,0,1,1,2,1,0,0,0,2,2,1,1,0,1,1,0,0,0,0,0,2,0,2,0,0,0,0,0,0,1,1,1,2,0,1,2,0,2,0,0,0,1,0,0,0
2020-09-22,"61,551",0,0,0,0,0,0,0,0,0,0,0,0,0,0,0,0,0,0,0,0,0,0,0,0,0,0,0,0,0,0,0,0,0,0,0,0,0,0,0,0,0,0,0,0,0,0,0,0,0,0,0,0,0,0,0,0,0,0,0,0,0,0,0
2020-09-23,"64,781",202,15,0,0,0,7,1,0,0,0,0,0,10,0,15,1,14,6,1,15,0,2,11,0,0,0,14,12,0,14,1,2,0,0,1,0,0,0,13,0,14,0,0,0,0,0,0,0,0,1,4,0,0,0,0,15,0,0,0,13,0,0,0
2020-09-24,"73,891",168,1,0,0,0,1,1,0,2,0,0,0,1,0,2,1,0,23,0,1,1,1,21,0,0,0,13,0,1,11,17,2,0,0,2,0,0,0,6,0,2,0,0,0,0,0,0,0,0,1,8,0,7,0,0,23,0,0,0,19,0,0,0
2020-09-25,"36,865",0,0,0,0,0,0,0,0,0,0,0,0,0,0,0,0,0,0,0,0,0,0,0,0,0,0,0,0,0,0,0,0,0,0,0,0,0,0,0,0,0,0,0,0,0,0,0,0,0,0,0,0,0,0,0,0,0,0,0,0,0,0,0
2020-09-28,"38,350",0,0,0,0,0,0,0,0,0,0,0,0,0,0,0,0,0,0,0,0,0,0,0,0,0,0,0,0,0,0,0,0,0,0,0,0,0,0,0,0,0,0,0,0,0,0,0,0,0,0,0,0,0,0,0,0,0,0,0,0,0,0,0
2020-09-29,"50,485",201,0,0,9,0,1,1,0,18,0,0,0,0,0,27,1,0,23,0,0,0,2,25,0,0,0,27,0,0,0,0,1,0,0,2,0,0,0,0,0,1,1,1,0,0,0,1,0,0,1,1,27,0,0,0,27,0,0,0,3,1,0,0
2020-10-05,"61,294",18,0,0,0,0,0,0,0,1,0,0,0,1,0,0,0,0,1,0,1,2,0,2,0,0,0,1,1,0,0,0,0,0,0,0,0,0,0,1,0,1,0,0,0,0,0,0,1,0,0,0,0,0,0,0,2,0,0,0,2,0,1,0
2020-10-06,"49,383",19,0,1,0,1,1,0,0,0,0,0,0,0,0,0,1,0,0,0,0,1,1,0,0,0,0,1,0,0,0,0,0,0,0,1,1,0,0,1,0,1,1,1,0,1,0,0,1,0,1,0,0,0,1,0,1,0,0,0,1,0,0,0
2020-10-07,"127,654",0,0,0,0,0,0,0,0,0,0,0,0,0,0,0,0,0,0,0,0,0,0,0,0,0,0,0,0,0,0,0,0,0,0,0,0,0,0,0,0,0,0,0,0,0,0,0,0,0,0,0,0,0,0,0,0,0,0,0,0,0,0,0
2020-10-08,"84,258",64,0,3,0,0,3,0,2,0,0,0,0,0,0,2,1,6,0,3,3,0,1,0,0,0,0,2,0,3,0,0,0,0,0,3,0,0,0,1,0,5,0,3,0,0,0,2,1,0,3,0,0,0,5,0,8,0,0,0,4,0,0,0
2020-10-12,"49,784",0,0,0,0,0,0,0,0,0,0,0,0,0,0,0,0,0,0,0,0,0,0,0,0,0,0,0,0,0,0,0,0,0,0,0,0,0,0,0,0,0,0,0,0,0,0,0,0,0,0,0,0,0,0,0,0,0,0,0,0,0,0,0
2020-10-13,"41,365",0,0,0,0,0,0,0,0,0,0,0,0,0,0,0,0,0,0,0,0,0,0,0,0,0,0,0,0,0,0,0,0,0,0,0,0,0,0,0,0,0,0,0,0,0,0,0,0,0,0,0,0,0,0,0,0,0,0,0,0,0,0,0
2020-10-14,"40,978",21,0,0,1,0,1,1,0,0,0,0,0,1,0,1,0,0,0,0,3,0,0,0,0,0,0,0,1,0,0,0,0,0,0,1,0,0,0,0,1,1,1,0,0,0,0,0,0,0,1,0,0,0,0,0,3,0,0,0,2,0,0,2
2020-10-15,"57,532",157,1,0,0,0,0,1,0,1,0,0,0,15,0,1,1,18,18,0,8,0,1,18,0,0,0,0,12,0,0,13,3,0,0,1,0,0,0,0,0,9,0,0,0,0,0,1,0,0,1,1,0,0,0,0,18,0,0,0,15,0,0,0
2020-10-16,"34,698",6,0,0,0,0,0,0,0,0,0,0,0,1,0,0,0,1,1,0,0,0,0,1,0,0,0,0,0,0,0,0,0,0,0,0,0,0,0,0,0,0,0,0,0,0,0,0,0,0,0,0,0,0,0,0,1,0,0,0,1,0,0,0
2020-10-19,"54,057",4,0,0,0,0,0,1,0,0,0,0,0,0,0,0,0,0,0,0,0,1,0,0,0,0,0,0,0,0,0,0,0,0,0,0,0,0,0,0,0,0,0,0,0,0,0,0,0,0,0,0,0,0,1,0,1,0,0,0,0,0,0,0
2020-10-20,"44,354",6,0,0,0,0,0,0,0,1,0,0,0,0,0,0,0,0,0,0,0,0,0,0,0,0,0,0,0,0,0,0,0,1,0,0,0,0,0,0,0,0,0,0,0,0,0,0,1,0,0,0,0,0,1,0,1,0,0,0,1,0,0,0
2020-10-21,"62,978",0,0,0,0,0,0,0,0,0,0,0,0,0,0,0,0,0,0,0,0,0,0,0,0,0,0,0,0,0,0,0,0,0,0,0,0,0,0,0,0,0,0,0,0,0,0,0,0,0,0,0,0,0,0,0,0,0,0,0,0,0,0,0
2020-10-22,"41,538",24,0,0,0,0,0,1,0,0,0,0,0,1,0,0,0,2,1,0,1,1,0,1,0,0,0,1,1,0,0,1,1,1,0,1,1,0,0,1,0,1,1,0,0,0,0,1,0,0,0,0,0,0,1,0,3,0,0,0,0,1,0,0
2020-10-23,"34,669",50,0,7,0,1,0,1,0,1,0,0,0,1,0,1,0,1,0,0,0,1,2,0,0,0,0,1,1,0,0,0,1,0,1,3,1,0,0,3,1,0,1,1,1,0,0,2,1,0,2,1,0,1,1,0,9,0,0,0,2,0,0,0
2020-10-26,"27,660",102,0,2,1,3,1,1,0,3,0,0,0,1,0,1,0,2,0,1,1,2,4,0,0,0,0,5,0,1,0,0,3,0,0,5,1,0,0,5,2,7,3,3,1,0,1,4,6,1,4,3,0,1,3,2,10,0,0,0,7,0,0,1
2020-10-27,"85,196",68,1,1,2,1,2,3,0,2,0,0,0,0,0,3,0,2,2,1,1,3,2,1,1,1,0,2,1,1,1,0,0,1,0,3,0,0,0,4,2,4,0,2,0,0,0,1,1,1,3,2,0,0,3,0,6,0,0,0,1,0,0,0
2020-10-28,"54,139",42,0,2,1,1,1,3,0,3,0,0,0,0,0,0,1,2,1,1,1,0,0,1,0,0,0,2,1,0,0,1,1,0,0,1,0,0,0,1,1,4,0,0,0,0,0,1,1,0,0,2,0,0,0,0,5,0,0,0,2,1,0,0
2020-10-29,"42,985",0,0,0,0,0,0,0,0,0,0,0,0,0,0,0,0,0,0,0,0,0,0,0,0,0,0,0,0,0,0,0,0,0,0,0,0,0,0,0,0,0,0,0,0,0,0,0,0,0,0,0,0,0,0,0,0,0,0,0,0,0,0,0
2020-10-30,"55,317",117,0,0,0,1,9,2,0,2,0,0,0,0,0,13,0,1,1,1,1,0,1,11,0,0,0,13,1,0,15,0,3,0,0,2,0,0,0,7,0,3,1,0,0,0,0,1,0,0,2,3,0,1,2,0,16,0,0,0,3,1,0,0
2020-11-02,"22,867",16,0,0,0,1,0,0,0,1,0,0,0,0,0,1,0,0,1,0,0,0,1,1,0,0,0,1,0,0,1,0,0,0,0,1,0,0,0,1,0,1,1,1,0,0,0,0,1,0,0,0,0,0,0,0,2,0,0,0,0,0,0,0
2020-11-03,"31,519",194,10,0,0,0,0,0,0,1,0,15,0,9,0,10,0,15,15,0,15,0,2,11,0,1,0,1,12,0,13,0,3,0,0,1,0,0,0,0,0,15,0,0,0,0,0,1,0,0,1,5,0,0,0,0,15,0,0,0,12,0,11,0
2020-11-04,"47,453",22,1,0,0,0,0,0,0,2,0,1,0,1,0,1,0,1,1,0,1,0,1,1,0,0,0,0,1,0,0,0,1,0,0,0,0,0,0,0,0,1,0,0,0,0,0,0,0,0,0,0,0,0,1,0,3,0,0,0,3,0,1,0
2020-11-05,"45,446",6,0,0,0,0,0,0,0,1,0,0,0,0,0,0,0,0,0,0,0,0,1,0,0,0,0,0,0,0,0,0,1,0,0,0,0,0,0,0,0,0,0,0,0,0,0,0,0,0,0,0,0,0,1,0,1,0,0,0,1,0,0,0
2020-11-06,"46,728",0,0,0,0,0,0,0,0,0,0,0,0,0,0,0,0,0,0,0,0,0,0,0,0,0,0,0,0,0,0,0,0,0,0,0,0,0,0,0,0,0,0,0,0,0,0,0,0,0,0,0,0,0,0,0,0,0,0,0,0,0,0,0
2020-11-09,"56,607",25,0,0,0,0,1,2,0,1,0,0,1,1,0,0,0,0,0,0,0,1,1,0,0,0,0,0,1,0,1,0,1,0,0,1,0,0,0,1,1,1,1,0,0,0,0,1,1,0,1,1,0,1,1,1,2,0,0,0,0,0,0,0
2020-11-10,"72,550",0,0,0,0,0,0,0,0,0,0,0,0,0,0,0,0,0,0,0,0,0,0,0,0,0,0,0,0,0,0,0,0,0,0,0,0,0,0,0,0,0,0,0,0,0,0,0,0,0,0,0,0,0,0,0,0,0,0,0,0,0,0,0
2020-11-11,"57,455",0,0,0,0,0,0,0,0,0,0,0,0,0,0,0,0,0,0,0,0,0,0,0,0,0,0,0,0,0,0,0,0,0,0,0,0,0,0,0,0,0,0,0,0,0,0,0,0,0,0,0,0,0,0,0,0,0,0,0,0,0,0,0
2020-11-12,"117,703",13,0,0,1,0,0,0,0,1,0,0,0,1,0,0,0,1,0,1,1,0,0,0,0,0,0,1,1,0,0,1,1,0,0,0,0,0,0,0,0,1,0,0,0,0,0,0,0,0,0,0,0,0,0,0,1,0,0,0,0,1,0,0
2020-11-13,"55,163",12,0,0,0,0,0,0,0,0,0,0,0,0,0,0,0,0,0,0,0,0,1,0,0,0,0,0,0,0,0,0,0,0,0,0,0,0,0,0,1,1,1,1,1,0,0,1,0,0,1,1,0,0,1,1,1,0,0,0,0,0,0,0
2020-11-16,"54,098",17,0,1,0,0,1,0,0,0,1,0,0,0,0,0,0,1,1,0,1,1,0,0,0,0,0,1,0,0,1,0,1,1,0,0,0,0,0,0,0,0,1,0,0,0,0,0,0,0,0,1,0,0,0,0,1,0,1,0,1,1,0,0
2020-11-17,"67,228",0,0,0,0,0,0,0,0,0,0,0,0,0,0,0,0,0,0,0,0,0,0,0,0,0,0,0,0,0,0,0,0,0,0,0,0,0,0,0,0,0,0,0,0,0,0,0,0,0,0,0,0,0,0,0,0,0,0,0,0,0,0,0
2020-11-18,"54,030",16,1,0,1,0,0,0,1,0,0,0,0,1,1,1,0,1,1,0,0,0,1,0,0,0,0,1,1,0,0,0,1,1,0,0,0,0,0,0,0,1,0,0,0,0,0,0,0,0,0,0,0,0,0,0,1,0,0,0,0,1,0,0
2020-11-19,"113,362",12,0,0,0,0,1,0,0,1,0,0,0,0,0,0,0,1,0,0,1,0,1,0,0,0,0,0,1,0,1,0,1,0,0,0,0,0,0,0,0,0,1,0,0,0,0,0,0,0,0,0,0,0,0,0,1,0,0,0,1,1,0,0
2020-11-20,"65,429",0,0,0,0,0,0,0,0,0,0,0,0,0,0,0,0,0,0,0,0,0,0,0,0,0,0,0,0,0,0,0,0,0,0,0,0,0,0,0,0,0,0,0,0,0,0,0,0,0,0,0,0,0,0,0,0,0,0,0,0,0,0,0
2020-11-23,"78,138",11,1,0,1,0,0,0,0,1,0,0,0,0,0,1,0,1,1,0,0,0,0,0,0,0,0,1,1,0,1,0,1,0,0,0,0,0,0,0,0,0,0,0,0,0,0,0,0,0,0,0,0,0,0,0,1,0,0,0,0,0,0,0
2020-11-24,"100,140",21,0,0,0,0,0,0,0,1,0,0,0,0,0,0,0,0,0,0,1,0,1,1,0,0,0,2,0,1,0,0,0,0,0,2,0,0,1,1,0,1,0,1,1,0,0,0,1,0,0,2,0,0,0,0,2,0,0,0,1,1,0,0
2020-11-25,"121,534",21,1,0,0,0,0,0,0,1,0,0,1,1,0,0,0,1,1,0,1,0,0,1,0,0,0,2,0,1,1,0,0,0,0,0,0,0,1,1,0,1,0,0,0,0,0,0,1,0,0,2,0,0,0,0,2,0,0,0,1,0,0,0
2020-11-26,"93,196",43,1,0,2,1,3,0,0,3,0,0,0,2,0,1,0,3,2,0,0,0,1,1,0,0,0,1,4,0,0,0,2,2,0,2,0,0,0,1,0,1,0,0,0,0,0,0,1,1,0,0,0,0,1,0,4,0,0,0,3,0,0,0
2020-11-27,"51,829",120,0,4,3,5,5,3,0,3,4,0,0,4,4,0,0,4,6,3,2,1,1,3,0,2,0,5,5,0,1,0,3,0,0,1,0,0,1,4,1,6,5,3,1,0,0,1,2,0,1,5,1,4,2,0,6,0,0,0,5,0,0,0
2020-11-30,"297,084",0,0,0,0,0,0,0,0,0,0,0,0,0,0,0,0,0,0,0,0,0,0,0,0,0,0,0,0,0,0,0,0,0,0,0,0,0,0,0,0,0,0,0,0,0,0,0,0,0,0,0,0,0,0,0,0,0,0,0,0,0,0,0
2020-12-01,"86,110",202,0,0,0,1,7,0,0,1,0,0,0,0,0,2,0,0,0,0,0,0,2,2,0,0,0,25,3,0,15,0,3,0,14,1,0,0,0,0,0,23,0,25,0,1,0,1,0,0,2,18,14,0,0,0,25,0,0,0,17,0,0,0
2020-12-02,"176,344",128,1,3,1,1,1,0,0,0,1,0,0,0,1,13,0,1,1,0,1,3,1,13,0,0,0,16,1,0,0,1,1,1,0,3,0,0,0,1,2,3,11,0,0,0,2,2,0,0,1,4,13,3,3,0,16,0,0,0,2,0,0,0
2020-12-03,"96,701",24,0,0,1,1,1,1,0,1,1,0,0,0,0,1,1,1,1,0,0,0,0,0,0,0,0,1,1,0,0,0,1,0,0,1,0,0,0,1,1,1,1,0,0,0,1,0,1,0,0,1,0,1,1,0,1,0,0,0,0,0,0,0
2020-12-04,"76,792",89,0,1,3,1,7,0,0,6,0,0,0,0,3,7,0,0,0,0,4,0,3,2,0,0,0,7,2,0,0,0,1,1,0,1,0,0,0,0,0,6,0,0,0,0,0,0,0,0,3,3,2,0,0,0,18,0,0,0,8,0,0,0
2020-12-07,"46,745",102,0,0,0,0,1,2,0,1,0,0,0,0,1,3,0,0,1,0,1,0,0,16,0,0,0,17,1,0,16,0,1,0,0,3,0,0,0,12,0,0,0,0,0,0,0,0,0,0,1,2,0,1,0,0,17,0,0,0,4,0,1,0
2020-12-08,"44,928",4,0,0,0,0,0,0,0,0,0,0,0,0,0,0,0,0,0,0,0,0,0,0,0,0,0,0,0,0,0,0,1,0,0,0,0,0,0,0,0,0,0,0,0,0,0,0,1,0,0,0,0,0,0,0,1,0,0,0,1,0,0,0
2020-12-09,"63,236",0,0,0,0,0,0,0,0,0,0,0,0,0,0,0,0,0,0,0,0,0,0,0,0,0,0,0,0,0,0,0,0,0,0,0,0,0,0,0,0,0,0,0,0,0,0,0,0,0,0,0,0,0,0,0,0,0,0,0,0,0,0,0
2020-12-10,"116,339",15,0,0,2,0,0,2,0,0,0,0,0,2,0,0,0,0,0,0,0,0,0,0,0,0,0,2,0,0,0,0,0,0,0,0,0,0,0,0,0,2,0,0,0,1,0,0,0,0,0,0,2,0,0,0,2,0,0,0,0,0,0,0
2020-12-11,"73,852",0,0,0,0,0,0,0,0,0,0,0,0,0,0,0,0,0,0,0,0,0,0,0,0,0,0,0,0,0,0,0,0,0,0,0,0,0,0,0,0,0,0,0,0,0,0,0,0,0,0,0,0,0,0,0,0,0,0,0,0,0,0,0
2020-12-14,"60,188",0,0,0,0,0,0,0,0,0,0,0,0,0,0,0,0,0,0,0,0,0,0,0,0,0,0,0,0,0,0,0,0,0,0,0,0,0,0,0,0,0,0,0,0,0,0,0,0,0,0,0,0,0,0,0,0,0,0,0,0,0,0,0
2020-12-15,"80,282",0,0,0,0,0,0,0,0,0,0,0,0,0,0,0,0,0,0,0,0,0,0,0,0,0,0,0,0,0,0,0,0,0,0,0,0,0,0,0,0,0,0,0,0,0,0,0,0,0,0,0,0,0,0,0,0,0,0,0,0,0,0,0
2020-12-16,"138,890",0,0,0,0,0,0,0,0,0,0,0,0,0,0,0,0,0,0,0,0,0,0,0,0,0,0,0,0,0,0,0,0,0,0,0,0,0,0,0,0,0,0,0,0,0,0,0,0,0,0,0,0,0,0,0,0,0,0,0,0,0,0,0
2020-12-17,"77,148",11,0,0,0,0,0,0,0,0,0,0,0,0,0,1,0,1,1,0,1,0,0,0,0,0,0,0,1,0,0,0,1,0,0,0,0,0,0,1,0,0,1,0,0,0,0,0,0,0,1,0,0,0,0,0,1,0,0,0,0,1,0,0
2020-12-18,"105,197",0,0,0,0,0,0,0,0,0,0,0,0,0,0,0,0,0,0,0,0,0,0,0,0,0,0,0,0,0,0,0,0,0,0,0,0,0,0,0,0,0,0,0,0,0,0,0,0,0,0,0,0,0,0,0,0,0,0,0,0,0,0,0
2020-12-21,"53,945",0,0,0,0,0,0,0,0,0,0,0,0,0,0,0,0,0,0,0,0,0,0,0,0,0,0,0,0,0,0,0,0,0,0,0,0,0,0,0,0,0,0,0,0,0,0,0,0,0,0,0,0,0,0,0,0,0,0,0,0,0,0,0
2020-12-22,"53,562",0,0,0,0,0,0,0,0,0,0,0,0,0,0,0,0,0,0,0,0,0,0,0,0,0,0,0,0,0,0,0,0,0,0,0,0,0,0,0,0,0,0,0,0,0,0,0,0,0,0,0,0,0,0,0,0,0,0,0,0,0,0,0
2020-12-23,"43,446",0,0,0,0,0,0,0,0,0,0,0,0,0,0,0,0,0,0,0,0,0,0,0,0,0,0,0,0,0,0,0,0,0,0,0,0,0,0,0,0,0,0,0,0,0,0,0,0,0,0,0,0,0,0,0,0,0,0,0,0,0,0,0
2020-12-24,"51,662",30,0,1,0,1,1,1,0,0,1,0,0,1,1,0,0,1,1,0,0,1,0,1,0,0,0,1,1,1,0,0,1,0,0,1,0,0,0,2,0,1,0,1,0,0,0,1,0,0,1,1,0,1,2,1,2,0,0,0,1,0,0,0
2020-12-28,"76,942",44,1,1,1,1,2,0,0,0,0,0,0,1,0,1,0,1,1,1,1,2,1,2,0,0,0,2,2,1,1,1,1,1,0,2,0,0,0,2,0,2,1,2,1,0,0,0,1,0,0,1,1,0,1,0,2,0,0,0,2,0,0,0
2020-12-29,"82,028",25,0,0,1,1,1,1,0,0,1,1,1,0,0,1,0,1,1,1,1,0,1,0,0,1,0,1,1,0,0,1,0,1,0,0,0,0,0,1,0,1,1,0,0,0,0,0,0,0,0,1,0,1,0,0,1,0,0,0,1,0,0,0
2020-12-30,"69,149",38,0,0,1,0,1,0,0,2,0,0,0,1,0,3,0,3,1,0,0,1,1,0,0,0,0,1,4,0,4,0,3,0,0,1,1,0,0,0,0,1,0,1,0,0,0,0,0,0,2,1,0,0,0,0,4,0,0,0,1,0,0,0
2021-01-04,"61,164",15,0,1,0,1,1,0,0,1,1,0,0,0,0,0,0,1,1,0,0,0,0,1,0,0,0,1,1,0,0,0,0,0,0,0,0,0,0,1,0,1,0,0,0,0,0,0,0,0,0,1,0,1,0,0,1,0,0,0,0,0,0,0
2021-01-05,"142,960",17,1,1,0,0,1,0,0,1,0,1,0,0,1,0,0,1,1,0,1,0,0,1,0,0,0,1,1,0,0,0,0,1,0,0,0,0,0,1,0,1,0,0,0,0,0,0,1,0,0,0,0,0,0,0,1,0,0,0,0,0,0,0
2021-01-06,"108,240",0,0,0,0,0,0,0,0,0,0,0,0,0,0,0,0,0,0,0,0,0,0,0,0,0,0,0,0,0,0,0,0,0,0,0,0,0,0,0,0,0,0,0,0,0,0,0,0,0,0,0,0,0,0,0,0,0,0,0,0,0,0,0
2021-01-07,"118,815",0,0,0,0,0,0,0,0,0,0,0,0,0,0,0,0,0,0,0,0,0,0,0,0,0,0,0,0,0,0,0,0,0,0,0,0,0,0,0,0,0,0,0,0,0,0,0,0,0,0,0,0,0,0,0,0,0,0,0,0,0,0,0
2021-01-08,"135,607",18,0,0,0,0,1,0,0,0,1,0,0,0,0,0,0,1,1,1,1,0,0,1,0,0,0,1,1,0,0,1,1,0,0,0,0,0,0,1,0,0,0,0,0,0,1,0,0,0,0,1,0,0,0,0,1,0,0,0,1,1,0,1
2021-01-11,"131,327",24,1,1,0,1,0,0,1,1,1,0,0,0,1,0,1,1,1,0,1,0,1,1,0,1,0,1,1,0,0,0,1,0,0,0,0,0,0,1,0,1,1,0,0,0,0,0,0,0,0,1,0,0,0,0,1,0,1,0,1,0,0,0
2021-01-12,"97,582",0,0,0,0,0,0,0,0,0,0,0,0,0,0,0,0,0,0,0,0,0,0,0,0,0,0,0,0,0,0,0,0,0,0,0,0,0,0,0,0,0,0,0,0,0,0,0,0,0,0,0,0,0,0,0,0,0,0,0,0,0,0,0
2021-01-13,"83,932",0,0,0,0,0,0,0,0,0,0,0,0,0,0,0,0,0,0,0,0,0,0,0,0,0,0,0,0,0,0,0,0,0,0,0,0,0,0,0,0,0,0,0,0,0,0,0,0,0,0,0,0,0,0,0,0,0,0,0,0,0,0,0
2021-01-14,"83,241",295,1,0,2,1,5,1,0,4,0,8,3,0,16,16,0,16,14,16,16,0,2,15,0,2,0,17,16,1,0,16,3,6,0,2,1,0,1,15,0,10,15,0,0,0,0,1,1,0,1,5,0,0,0,0,17,0,0,0,13,16,0,0
2021-01-15,"100,962",36,1,1,0,0,1,0,0,1,1,0,1,1,1,0,0,1,2,1,1,1,1,2,1,0,0,2,1,0,0,0,0,1,0,0,0,0,1,2,0,2,0,0,0,0,0,0,1,0,0,1,1,1,1,0,2,0,0,0,1,1,0,0
2021-01-18,"83,462",44,0,0,0,0,0,0,0,2,0,0,0,0,2,2,0,2,0,2,2,1,2,0,0,0,0,2,2,0,0,2,0,2,0,1,0,0,0,2,0,3,2,2,0,0,0,0,1,0,1,0,1,0,0,0,4,0,0,0,2,2,0,0
2021-01-19,"77,098",51,0,1,0,1,0,1,0,0,0,0,0,0,1,1,0,1,0,1,1,2,2,1,1,0,0,0,1,0,0,0,0,2,0,3,1,1,0,2,0,3,2,2,2,1,1,2,1,1,2,1,0,0,3,0,4,0,0,0,1,1,0,0
2021-01-20,"77,262",14,0,0,1,0,0,1,0,0,0,0,0,0,0,0,0,0,0,0,0,1,0,0,0,0,0,1,0,0,0,0,0,1,0,0,0,0,0,0,0,1,1,0,1,0,0,1,1,0,0,1,0,0,1,0,1,0,0,0,1,0,0,0
2021-01-21,"47,547",130,0,1,0,0,14,1,0,1,0,1,0,1,1,15,0,2,1,3,1,0,1,12,1,0,0,15,2,0,14,3,2,1,0,1,0,0,0,12,0,0,1,0,0,0,0,0,0,0,1,3,0,0,0,0,16,0,0,0,2,1,0,0
2021-01-22,"84,835",0,0,0,0,0,0,0,0,0,0,0,0,0,0,0,0,0,0,0,0,0,0,0,0,0,0,0,0,0,0,0,0,0,0,0,0,0,0,0,0,0,0,0,0,0,0,0,0,0,0,0,0,0,0,0,0,0,0,0,0,0,0,0
2021-01-25,"64,130",2,0,0,0,0,0,0,0,0,0,0,0,0,0,0,0,0,0,0,0,0,0,0,0,0,0,0,0,0,0,0,1,0,0,0,0,0,0,0,0,0,0,0,0,0,0,0,0,0,0,0,0,0,0,0,1,0,0,0,0,0,0,0
2021-01-26,"105,746",0,0,0,0,0,0,0,0,0,0,0,0,0,0,0,0,0,0,0,0,0,0,0,0,0,0,0,0,0,0,0,0,0,0,0,0,0,0,0,0,0,0,0,0,0,0,0,0,0,0,0,0,0,0,0,0,0,0,0,0,0,0,0
2021-01-27,"70,115",48,0,7,0,0,0,0,1,0,0,0,0,0,1,0,0,0,1,0,0,1,4,0,0,0,0,1,1,0,0,0,0,0,0,1,1,1,1,0,1,1,0,3,0,0,0,1,0,0,1,1,0,0,1,5,12,0,0,0,1,0,0,0
2021-01-28,"78,155",289,14,5,0,0,5,1,1,5,0,0,0,0,3,3,0,17,18,18,4,3,10,17,11,3,1,6,18,2,3,16,6,2,0,8,1,1,2,14,1,2,0,6,0,0,0,1,4,0,5,2,0,1,1,1,21,0,0,0,6,15,0,5
2021-01-29,"126,734",0,0,0,0,0,0,0,0,0,0,0,0,0,0,0,0,0,0,0,0,0,0,0,0,0,0,0,0,0,0,0,0,0,0,0,0,0,0,0,0,0,0,0,0,0,0,0,0,0,0,0,0,0,0,0,0,0,0,0,0,0,0,0
2021-02-01,"63,681",72,0,0,0,0,0,0,0,0,0,0,0,0,0,0,0,12,0,0,0,0,0,12,12,0,0,0,0,0,12,12,0,0,0,0,0,0,0,0,0,0,0,0,0,0,0,0,0,0,0,0,0,0,0,0,12,0,0,0,0,0,0,0
2021-02-02,"68,175",0,0,0,0,0,0,0,0,0,0,0,0,0,0,0,0,0,0,0,0,0,0,0,0,0,0,0,0,0,0,0,0,0,0,0,0,0,0,0,0,0,0,0,0,0,0,0,0,0,0,0,0,0,0,0,0,0,0,0,0,0,0,0
2021-02-03,"56,243",0,0,0,0,0,0,0,0,0,0,0,0,0,0,0,0,0,0,0,0,0,0,0,0,0,0,0,0,0,0,0,0,0,0,0,0,0,0,0,0,0,0,0,0,0,0,0,0,0,0,0,0,0,0,0,0,0,0,0,0,0,0,0
2021-02-04,"53,993",0,0,0,0,0,0,0,0,0,0,0,0,0,0,0,0,0,0,0,0,0,0,0,0,0,0,0,0,0,0,0,0,0,0,0,0,0,0,0,0,0,0,0,0,0,0,0,0,0,0,0,0,0,0,0,0,0,0,0,0,0,0,0
2021-02-05,"50,371",18,1,0,0,0,0,0,0,0,0,0,0,0,0,0,0,1,1,1,0,0,1,1,1,0,0,0,1,0,0,1,0,0,0,0,0,0,0,1,0,0,0,1,0,1,0,1,1,0,0,0,0,0,0,0,2,0,0,0,0,1,0,1
2021-02-08,"49,860",249,0,0,5,0,1,8,0,4,0,0,0,0,0,20,0,16,8,0,11,2,5,19,1,0,0,4,0,0,0,0,4,7,0,5,2,0,0,1,0,14,3,2,2,0,0,4,12,0,1,7,0,0,1,0,58,0,0,0,22,0,0,0
2021-02-09,"46,747",31,0,0,0,0,0,1,0,2,0,0,0,0,0,3,0,1,1,0,2,0,0,3,0,0,0,0,0,0,0,0,0,0,0,1,0,0,0,0,0,4,0,0,0,0,0,0,1,0,1,1,0,0,0,0,7,0,0,0,3,0,0,0
2021-02-10,"104,119",62,1,2,1,2,2,0,2,2,2,0,0,2,2,2,0,2,2,2,2,1,0,3,0,0,0,3,2,0,0,2,2,1,0,0,0,0,1,2,0,2,1,0,0,0,0,0,1,0,0,3,0,0,1,0,4,0,2,0,2,1,0,0
2021-02-15,"34,864",51,0,6,0,1,0,0,0,6,0,0,0,6,1,1,0,0,0,0,0,0,0,0,0,0,0,0,6,0,0,0,1,0,0,1,1,0,0,5,0,6,0,0,0,0,0,1,0,0,0,1,0,0,0,0,7,0,0,0,1,0,0,0
2021-02-16,"35,424",0,0,0,0,0,0,0,0,0,0,0,0,0,0,0,0,0,0,0,0,0,0,0,0,0,0,0,0,0,0,0,0,0,0,0,0,0,0,0,0,0,0,0,0,0,0,0,0,0,0,0,0,0,0,0,0,0,0,0,0,0,0,0
2021-02-17,"55,787",0,0,0,0,0,0,0,0,0,0,0,0,0,0,0,0,0,0,0,0,0,0,0,0,0,0,0,0,0,0,0,0,0,0,0,0,0,0,0,0,0,0,0,0,0,0,0,0,0,0,0,0,0,0,0,0,0,0,0,0,0,0,0
2021-02-18,"68,530",42,2,0,0,0,1,1,0,2,0,0,0,2,1,2,0,2,2,1,2,1,0,1,0,0,0,1,2,0,1,1,2,2,0,1,0,0,0,1,0,2,0,0,0,0,1,0,1,0,0,1,0,0,0,0,2,0,0,0,2,2,0,0
2021-02-19,"66,249",0,0,0,0,0,0,0,0,0,0,0,0,0,0,0,0,0,0,0,0,0,0,0,0,0,0,0,0,0,0,0,0,0,0,0,0,0,0,0,0,0,0,0,0,0,0,0,0,0,0,0,0,0,0,0,0,0,0,0,0,0,0,0
2021-02-22,"36,994",4,0,0,0,0,0,0,0,0,0,0,0,0,0,0,0,0,0,0,0,1,0,0,0,0,0,1,0,0,0,0,0,0,0,0,0,0,0,0,0,0,0,0,0,0,0,0,0,0,0,0,0,0,0,0,1,0,0,0,1,0,0,0
2021-02-23,"55,095",0,0,0,0,0,0,0,0,0,0,0,0,0,0,0,0,0,0,0,0,0,0,0,0,0,0,0,0,0,0,0,0,0,0,0,0,0,0,0,0,0,0,0,0,0,0,0,0,0,0,0,0,0,0,0,0,0,0,0,0,0,0,0
2021-02-24,"63,476",59,0,2,1,2,0,1,0,1,0,0,0,0,0,0,0,0,0,0,1,1,3,0,0,0,0,1,1,2,1,0,0,0,0,4,3,0,0,2,4,3,2,3,1,0,0,3,3,1,1,3,0,2,1,1,5,0,0,0,0,0,0,0
2021-02-25,"49,777",284,0,5,1,5,11,1,0,4,0,0,1,0,13,13,1,25,4,0,19,3,6,1,0,0,0,5,23,2,4,0,2,0,0,7,3,0,1,13,4,7,2,5,2,0,2,5,4,1,4,8,0,5,1,3,29,0,0,0,13,15,1,0
2021-02-26,"101,817",57,0,1,0,2,1,0,0,0,0,0,0,0,1,0,1,4,0,0,1,1,1,0,0,0,0,2,1,3,2,0,0,0,0,3,1,0,1,1,2,2,1,2,1,0,3,3,1,0,2,2,0,2,0,2,4,0,0,0,3,0,0,0
2021-03-02,"59,801",0,0,0,0,0,0,0,0,0,0,0,0,0,0,0,0,0,0,0,0,0,0,0,0,0,0,0,0,0,0,0,0,0,0,0,0,0,0,0,0,0,0,0,0,0,0,0,0,0,0,0,0,0,0,0,0,0,0,0,0,0,0,0
2021-03-03,"51,226",0,0,0,0,0,0,0,0,0,0,0,0,0,0,0,0,0,0,0,0,0,0,0,0,0,0,0,0,0,0,0,0,0,0,0,0,0,0,0,0,0,0,0,0,0,0,0,0,0,0,0,0,0,0,0,0,0,0,0,0,0,0,0
2021-03-04,"55,679",21,0,0,1,1,1,0,0,0,1,0,0,0,0,0,0,1,1,0,0,0,0,0,1,0,0,2,1,0,1,0,0,1,0,0,0,0,0,2,0,1,1,0,0,0,0,0,1,0,0,1,0,0,0,0,2,0,0,0,1,0,0,0
2021-03-05,"39,056",18,1,1,1,0,1,0,1,1,1,0,0,0,0,0,0,1,1,1,0,0,0,1,0,0,0,1,1,0,0,1,0,0,0,0,0,0,0,0,0,1,1,0,0,0,0,0,0,0,0,1,0,0,0,0,1,0,0,0,0,0,0,0
2021-03-08,"25,187",102,0,3,2,0,5,1,0,0,1,0,0,0,5,4,0,5,5,5,5,0,2,5,0,0,0,5,5,0,0,0,1,0,0,6,0,0,0,5,0,2,0,5,0,0,0,0,1,0,4,2,0,1,1,0,6,0,0,0,5,5,0,0
2021-03-09,"55,262",0,0,0,0,0,0,0,0,0,0,0,0,0,0,0,0,0,0,0,0,0,0,0,0,0,0,0,0,0,0,0,0,0,0,0,0,0,0,0,0,0,0,0,0,0,0,0,0,0,0,0,0,0,0,0,0,0,0,0,0,0,0,0
2021-03-10,"48,875",12,0,1,0,0,1,0,0,0,0,0,1,0,0,0,0,0,0,0,0,1,0,0,0,0,0,0,0,1,1,0,1,0,0,0,0,0,0,1,0,1,0,0,0,0,0,0,0,0,0,1,0,0,0,0,2,0,0,0,0,0,0,0
2021-03-11,"111,393",32,0,1,1,0,2,0,1,0,0,0,0,1,0,0,0,2,2,1,1,1,1,1,1,0,0,1,1,1,0,0,0,1,0,1,0,0,0,2,0,1,0,1,0,0,0,0,0,0,1,1,0,0,0,0,3,0,0,0,2,0,0,0
2021-03-12,"51,004",43,0,0,0,0,0,0,0,1,0,3,0,1,0,1,0,3,3,0,3,0,1,0,0,0,0,0,0,0,1,0,2,0,0,1,0,0,0,1,1,4,0,1,0,0,0,0,0,0,1,4,0,0,0,0,4,0,0,0,2,2,3,0
2021-03-15,"53,609",37,0,0,0,0,0,4,0,0,0,0,0,1,0,0,3,0,1,0,1,0,2,0,0,0,0,1,1,1,2,0,0,0,0,2,0,0,1,0,0,2,0,4,0,0,0,0,3,0,0,2,0,0,0,0,4,0,0,0,2,0,0,0
2021-03-16,"55,971",24,1,0,0,0,0,2,0,0,0,0,0,0,0,2,0,0,1,0,0,0,1,0,0,1,0,2,1,0,1,0,0,0,0,1,0,0,0,1,0,2,0,2,0,0,0,0,0,0,1,1,0,0,0,0,3,0,0,0,1,0,0,0
2021-03-17,"45,345",27,1,0,0,1,0,1,0,0,0,0,0,0,1,2,1,0,1,0,0,0,0,0,0,0,1,1,1,0,2,0,0,0,0,0,0,1,2,0,0,2,0,2,0,1,0,0,2,0,0,0,0,0,0,0,2,0,0,0,0,2,0,0
2021-03-18,"53,588",10,0,0,0,0,0,1,0,0,0,0,0,0,0,1,0,0,0,0,0,0,0,0,0,0,0,0,0,0,1,0,0,0,0,0,0,0,1,0,0,1,0,1,0,0,0,0,1,0,1,0,0,0,0,0,1,0,0,0,0,1,0,0
2021-03-19,"61,035",28,0,2,0,1,1,1,0,2,1,0,0,1,0,0,0,1,2,0,0,1,0,1,0,0,0,1,1,0,0,0,0,0,0,0,0,0,0,2,0,2,1,1,0,0,0,0,0,0,0,1,1,0,0,0,2,0,0,0,1,0,1,0
2021-03-22,"28,963",175,0,0,0,0,1,0,0,4,0,0,0,18,0,0,0,6,14,0,19,18,2,1,2,0,0,5,11,0,0,0,3,1,0,3,1,0,0,11,0,15,11,1,0,1,0,1,0,0,0,5,0,0,0,0,19,0,0,0,1,0,1,0
2021-03-23,"46,179",34,0,0,0,0,0,1,0,0,0,0,0,2,0,1,0,0,1,0,3,3,1,0,0,0,0,1,3,0,1,0,0,0,0,0,0,0,0,2,1,4,1,1,0,0,0,0,0,0,1,0,0,0,1,0,5,0,0,0,1,0,0,0
2021-03-24,"81,106",70,0,0,0,2,2,0,1,4,0,0,0,3,1,1,0,4,4,1,3,3,1,2,0,0,1,3,3,1,0,1,2,1,0,1,0,0,0,4,0,4,2,1,0,0,0,0,1,0,1,2,0,0,1,0,5,0,0,0,2,2,0,0
2021-03-25,"57,862",70,0,0,1,2,1,1,1,5,0,0,0,1,4,2,0,2,2,0,1,0,4,3,0,0,0,5,1,1,0,0,3,2,0,1,0,3,0,5,0,5,2,4,0,0,0,0,0,0,0,2,0,0,0,0,5,0,0,0,1,0,0,0
2021-03-26,"76,017",11,0,0,1,0,0,0,0,1,0,0,0,0,1,1,0,0,0,0,0,0,0,0,0,0,0,1,0,0,0,0,0,1,0,0,0,1,0,1,0,1,0,1,0,0,0,0,0,0,0,0,0,0,0,0,1,0,0,0,0,0,0,0
2021-03-29,"32,864",43,2,0,1,1,2,0,1,2,0,0,0,0,0,0,0,2,1,0,0,0,0,2,1,0,0,1,1,1,0,0,0,2,0,0,0,0,0,2,0,2,2,2,0,1,0,1,2,1,1,2,0,0,1,0,2,0,0,0,2,1,1,0
2021-03-30,"38,044",47,1,0,2,0,1,0,0,2,1,0,0,1,1,1,0,2,2,1,1,0,0,2,0,0,0,2,2,0,1,0,1,2,0,0,0,0,0,1,0,2,2,1,0,0,0,1,1,1,1,2,0,1,1,0,2,0,1,0,2,2,0,0
2021-03-31,"56,211",104,0,0,0,1,7,1,0,14,0,0,0,0,0,1,1,0,12,0,0,0,1,14,1,0,0,15,1,0,2,0,1,0,0,2,0,0,0,8,0,1,0,0,0,0,1,1,0,0,1,1,0,1,0,0,15,0,0,0,1,0,0,0
2021-04-01,"44,335",26,1,0,1,0,1,2,0,0,0,0,1,2,0,2,0,2,0,1,1,0,0,1,0,0,0,1,1,0,0,1,0,1,0,0,0,0,0,1,0,1,0,0,0,0,0,0,0,0,2,0,0,0,0,0,2,0,0,0,0,1,0,0
2021-04-02,"34,163",4,0,0,1,0,0,0,0,0,0,0,0,0,0,0,0,0,0,0,0,0,0,0,0,0,0,0,0,0,0,0,0,1,0,0,0,0,0,0,0,0,0,0,0,0,0,0,1,0,0,0,0,0,0,0,1,0,0,0,0,0,0,0
2021-04-05,"21,074",0,0,0,0,0,0,0,0,0,0,0,0,0,0,0,0,0,0,0,0,0,0,0,0,0,0,0,0,0,0,0,0,0,0,0,0,0,0,0,0,0,0,0,0,0,0,0,0,0,0,0,0,0,0,0,0,0,0,0,0,0,0,0
2021-04-06,"36,716",17,0,0,1,0,0,0,0,1,0,0,0,1,0,0,0,1,2,0,0,0,0,1,1,0,0,1,0,0,0,0,0,1,0,0,0,0,0,1,0,2,1,0,0,0,0,0,0,0,0,1,0,0,0,0,2,0,0,0,0,0,0,0
2021-04-07,"48,245",17,1,0,0,0,0,0,0,1,0,0,0,0,0,0,0,1,0,1,1,0,0,1,0,0,0,1,1,0,0,1,1,0,0,0,0,0,0,1,0,1,0,0,0,0,0,0,0,0,0,1,0,0,0,0,1,0,1,0,1,1,0,0
2021-04-08,"73,132",0,0,0,0,0,0,0,0,0,0,0,0,0,0,0,0,0,0,0,0,0,0,0,0,0,0,0,0,0,0,0,0,0,0,0,0,0,0,0,0,0,0,0,0,0,0,0,0,0,0,0,0,0,0,0,0,0,0,0,0,0,0,0
2021-04-09,"41,665",0,0,0,0,0,0,0,0,0,0,0,0,0,0,0,0,0,0,0,0,0,0,0,0,0,0,0,0,0,0,0,0,0,0,0,0,0,0,0,0,0,0,0,0,0,0,0,0,0,0,0,0,0,0,0,0,0,0,0,0,0,0,0
2021-04-12,"33,614",41,0,0,0,0,0,1,0,0,0,0,0,1,0,1,0,0,0,0,0,0,4,0,0,0,0,0,0,4,0,0,1,0,0,0,0,0,0,4,0,5,0,3,0,1,0,4,0,1,4,0,0,0,1,0,5,0,0,0,1,0,0,0
2021-04-13,"46,693",0,0,0,0,0,0,0,0,0,0,0,0,0,0,0,0,0,0,0,0,0,0,0,0,0,0,0,0,0,0,0,0,0,0,0,0,0,0,0,0,0,0,0,0,0,0,0,0,0,0,0,0,0,0,0,0,0,0,0,0,0,0,0
2021-04-14,"44,406",7,0,0,0,0,0,0,0,1,0,0,0,0,0,0,0,0,0,0,0,0,0,1,0,0,0,1,0,0,0,0,1,0,0,0,0,0,0,0,0,1,0,0,0,0,0,0,0,0,0,0,0,0,0,0,1,0,0,0,0,1,0,0
2021-04-15,"37,451",133,0,0,0,0,0,0,0,3,0,0,0,5,0,0,2,13,13,5,0,5,2,12,0,0,0,0,0,0,0,0,2,0,0,3,1,0,0,0,0,12,8,0,0,0,0,2,10,0,0,8,0,0,0,0,13,0,0,0,1,13,0,0
2021-04-16,"48,291",37,0,0,0,0,0,1,0,0,0,0,0,1,0,1,0,5,5,0,0,1,0,5,0,0,0,0,0,0,0,0,0,0,0,0,0,0,0,0,0,3,1,0,0,0,0,0,1,0,1,1,0,0,0,0,5,0,0,0,1,5,0,0
2021-04-19,"26,449",9,0,0,0,0,0,0,0,0,0,0,0,0,0,0,0,1,1,0,0,0,0,1,0,0,0,1,0,0,0,0,0,0,0,1,0,0,0,0,0,0,0,0,0,0,0,0,0,0,0,1,0,1,0,0,1,0,0,0,0,1,0,0
2021-04-20,"39,084",22,0,1,1,0,1,1,0,0,1,0,0,0,0,0,0,1,1,0,0,0,0,0,0,0,0,1,0,0,0,0,0,0,1,1,1,0,1,1,1,1,1,1,1,0,1,0,0,0,0,1,0,1,0,0,1,0,0,0,0,0,0,0
2021-04-21,"68,727",56,0,2,1,1,1,0,0,3,2,0,0,3,0,1,0,3,3,2,3,3,0,3,0,1,0,1,1,0,3,1,2,0,0,0,0,0,0,3,0,2,0,0,0,0,0,0,0,0,0,4,0,0,0,0,5,0,1,0,1,0,0,0
2021-04-22,"44,331",26,1,1,0,0,0,0,1,0,1,1,0,0,1,1,0,1,1,1,1,1,1,0,0,0,0,1,1,0,0,1,1,1,0,1,0,0,0,1,0,1,0,0,0,0,0,0,1,0,0,0,0,0,0,0,1,0,1,0,1,1,0,0
2021-04-23,"44,065",71,0,0,0,0,2,1,0,5,0,0,0,2,0,1,0,0,0,0,0,0,1,2,0,0,0,15,2,0,0,0,3,0,0,3,0,0,0,0,0,5,3,0,0,0,0,3,1,0,1,2,0,0,0,0,19,0,0,0,0,0,0,0
2021-04-26,"36,034",35,0,1,0,1,0,0,0,2,2,0,0,1,0,1,0,2,1,2,1,0,0,2,0,0,0,1,4,0,0,2,1,1,0,0,0,0,0,1,0,0,0,0,0,0,0,0,0,0,0,0,0,0,0,0,5,0,1,0,3,0,0,0
2021-04-27,"35,881",0,0,0,0,0,0,0,0,0,0,0,0,0,0,0,0,0,0,0,0,0,0,0,0,0,0,0,0,0,0,0,0,0,0,0,0,0,0,0,0,0,0,0,0,0,0,0,0,0,0,0,0,0,0,0,0,0,0,0,0,0,0,0
2021-04-28,"48,521",36,0,4,0,0,2,0,0,1,0,0,0,1,0,0,0,1,0,0,1,2,0,0,0,2,0,0,1,0,1,0,1,0,0,2,1,0,0,3,1,1,0,2,1,0,0,0,1,0,0,0,0,0,0,0,5,0,0,0,2,0,0,0
2021-04-29,"88,675",0,0,0,0,0,0,0,0,0,0,0,0,0,0,0,0,0,0,0,0,0,0,0,0,0,0,0,0,0,0,0,0,0,0,0,0,0,0,0,0,0,0,0,0,0,0,0,0,0,0,0,0,0,0,0,0,0,0,0,0,0,0,0
2021-04-30,"58,748",0,0,0,0,0,0,0,0,0,0,0,0,0,0,0,0,0,0,0,0,0,0,0,0,0,0,0,0,0,0,0,0,0,0,0,0,0,0,0,0,0,0,0,0,0,0,0,0,0,0,0,0,0,0,0,0,0,0,0,0,0,0,0
2021-05-03,"61,388",18,0,0,0,0,1,0,0,1,0,0,0,0,0,1,0,1,2,1,1,0,1,1,0,0,0,1,0,0,1,0,0,0,0,0,0,0,0,1,0,0,0,0,0,0,0,0,0,0,0,1,0,1,0,0,2,0,0,0,1,0,0,0
2021-05-04,"74,536",0,0,0,0,0,0,0,0,0,0,0,0,0,0,0,0,0,0,0,0,0,0,0,0,0,0,0,0,0,0,0,0,0,0,0,0,0,0,0,0,0,0,0,0,0,0,0,0,0,0,0,0,0,0,0,0,0,0,0,0,0,0,0
2021-05-06,"101,432",98,0,0,0,0,0,1,0,2,0,0,0,0,0,2,0,5,15,0,15,0,3,14,0,0,0,0,4,0,0,0,2,0,0,2,0,0,0,0,0,15,0,0,0,0,0,1,0,0,1,1,0,0,0,0,15,0,0,0,0,0,0,0
2021-05-07,"79,442",66,0,0,0,1,0,6,0,0,0,0,0,0,1,1,4,0,2,0,1,0,1,1,0,0,1,3,1,0,1,0,2,0,0,6,0,0,0,0,0,8,0,8,0,0,0,1,1,0,0,0,0,0,0,0,9,0,0,0,7,0,0,0
2021-05-10,"149,773",8,0,0,0,0,0,0,0,1,0,0,0,1,0,1,0,0,1,0,0,0,0,1,0,0,0,0,0,0,0,0,1,0,0,0,0,0,0,0,0,1,0,0,0,0,0,0,0,0,0,0,0,0,0,0,1,0,0,0,0,0,0,0
2021-05-11,"129,335",0,0,0,0,0,0,0,0,0,0,0,0,0,0,0,0,0,0,0,0,0,0,0,0,0,0,0,0,0,0,0,0,0,0,0,0,0,0,0,0,0,0,0,0,0,0,0,0,0,0,0,0,0,0,0,0,0,0,0,0,0,0,0
2021-05-12,"123,042",45,1,1,2,0,1,1,0,1,1,0,0,0,1,1,1,1,3,0,1,1,0,1,0,1,0,3,1,1,0,0,3,0,0,2,0,0,0,2,0,3,0,0,0,0,0,0,0,0,0,1,2,1,1,0,3,0,1,0,2,0,0,0
2021-05-13,"88,597",6,0,0,0,0,0,0,0,0,0,0,0,1,0,0,0,0,0,0,0,0,0,0,0,0,0,1,0,0,0,0,0,1,0,0,0,0,0,0,0,1,0,0,0,0,0,0,0,0,0,0,0,0,0,0,1,0,0,0,1,0,0,0
2021-05-14,"67,851",0,0,0,0,0,0,0,0,0,0,0,0,0,0,0,0,0,0,0,0,0,0,0,0,0,0,0,0,0,0,0,0,0,0,0,0,0,0,0,0,0,0,0,0,0,0,0,0,0,0,0,0,0,0,0,0,0,0,0,0,0,0,0
2021-05-17,"60,816",18,1,1,1,0,1,0,1,0,1,0,0,0,1,0,0,1,1,1,1,0,1,0,1,0,0,1,0,0,0,1,0,0,0,0,0,0,0,1,0,0,0,0,0,0,0,0,0,0,0,0,0,0,0,0,1,0,0,0,1,0,0,0
2021-05-18,"54,207",18,0,0,0,0,0,0,0,1,1,0,0,1,1,0,1,1,1,1,1,0,0,0,0,0,0,1,1,0,0,0,1,1,0,1,0,0,0,1,0,1,0,0,0,0,0,1,0,0,0,0,0,0,0,0,1,0,0,0,0,0,0,0
2021-05-20,"71,214",31,0,1,1,1,2,0,0,1,0,0,0,0,0,1,0,1,1,1,0,1,1,1,0,0,0,1,0,0,1,1,0,1,0,1,1,0,0,1,1,1,0,1,0,1,0,0,1,0,1,1,0,0,0,0,2,0,0,0,1,1,0,0
2021-05-21,"93,135",20,1,1,0,0,1,0,1,0,1,0,0,0,1,0,0,1,0,1,0,0,0,0,0,0,0,1,0,0,0,0,0,0,1,1,1,0,0,1,0,1,1,1,0,0,0,0,1,0,1,1,0,0,0,0,1,0,0,0,0,0,0,0
2021-05-24,"54,751",0,0,0,0,0,0,0,0,0,0,0,0,0,0,0,0,0,0,0,0,0,0,0,0,0,0,0,0,0,0,0,0,0,0,0,0,0,0,0,0,0,0,0,0,0,0,0,0,0,0,0,0,0,0,0,0,0,0,0,0,0,0,0
2021-05-25,"85,546",0,0,0,0,0,0,0,0,0,0,0,0,0,0,0,0,0,0,0,0,0,0,0,0,0,0,0,0,0,0,0,0,0,0,0,0,0,0,0,0,0,0,0,0,0,0,0,0,0,0,0,0,0,0,0,0,0,0,0,0,0,0,0
2021-05-26,"68,833",18,0,0,1,1,2,0,0,2,0,0,0,0,0,0,0,0,0,0,0,0,1,0,0,0,0,2,2,0,0,0,0,0,0,0,0,0,0,1,0,2,0,0,0,0,0,0,0,0,0,0,0,0,0,0,2,0,0,0,2,0,0,0
2021-05-27,"175,335",0,0,0,0,0,0,0,0,0,0,0,0,0,0,0,0,0,0,0,0,0,0,0,0,0,0,0,0,0,0,0,0,0,0,0,0,0,0,0,0,0,0,0,0,0,0,0,0,0,0,0,0,0,0,0,0,0,0,0,0,0,0,0
2021-05-28,"49,141",4,0,0,0,0,0,0,0,0,0,0,0,0,0,0,0,0,0,0,0,0,0,0,0,0,0,0,0,0,0,0,0,0,0,0,0,0,0,0,0,0,0,0,0,0,0,0,1,0,0,1,0,0,0,0,1,0,0,0,1,0,0,0
2021-05-31,"75,245",69,0,1,6,0,1,1,0,6,0,0,0,0,1,1,0,1,1,1,1,0,1,1,0,0,0,8,1,0,0,1,0,0,0,2,1,0,0,6,0,8,5,1,0,0,0,0,0,0,1,0,0,0,0,0,8,0,0,0,2,1,1,0
2021-06-01,"66,854",7,0,0,1,0,0,0,0,1,0,0,0,0,0,0,0,0,0,0,0,0,0,0,0,0,0,1,0,0,0,0,0,0,0,0,0,0,0,1,0,1,1,0,0,0,0,0,0,0,0,0,0,0,0,0,1,0,0,0,0,0,0,0
2021-06-02,"54,983",0,0,0,0,0,0,0,0,0,0,0,0,0,0,0,0,0,0,0,0,0,0,0,0,0,0,0,0,0,0,0,0,0,0,0,0,0,0,0,0,0,0,0,0,0,0,0,0,0,0,0,0,0,0,0,0,0,0,0,0,0,0,0
2021-06-03,"44,335",0,0,0,0,0,0,0,0,0,0,0,0,0,0,0,0,0,0,0,0,0,0,0,0,0,0,0,0,0,0,0,0,0,0,0,0,0,0,0,0,0,0,0,0,0,0,0,0,0,0,0,0,0,0,0,0,0,0,0,0,0,0,0
2021-06-04,"48,161",22,1,1,1,0,1,0,0,1,1,0,0,0,0,0,0,1,1,0,0,1,0,0,0,0,0,1,1,0,0,0,0,0,1,1,0,0,1,1,0,0,0,1,0,1,1,0,1,0,0,1,0,1,0,0,1,0,0,0,0,0,0,0
2021-06-07,"55,821",145,1,1,3,1,1,2,1,3,1,0,0,0,1,2,0,4,15,1,4,1,2,18,0,0,0,17,2,0,1,0,2,1,2,3,1,0,0,1,1,15,2,1,0,0,1,1,2,0,1,3,1,1,0,0,20,0,0,0,2,0,2,0
2021-06-08,"94,048",7,0,0,0,0,0,0,0,0,0,0,0,0,0,0,0,0,1,0,1,0,0,1,0,0,0,1,0,0,0,0,0,0,0,0,0,0,0,0,0,1,0,0,0,0,0,0,0,0,0,0,0,0,0,0,2,0,0,0,0,0,0,0
2021-06-09,"72,803",0,0,0,0,0,0,0,0,0,0,0,0,0,0,0,0,0,0,0,0,0,0,0,0,0,0,0,0,0,0,0,0,0,0,0,0,0,0,0,0,0,0,0,0,0,0,0,0,0,0,0,0,0,0,0,0,0,0,0,0,0,0,0
2021-06-10,"117,923",0,0,0,0,0,0,0,0,0,0,0,0,0,0,0,0,0,0,0,0,0,0,0,0,0,0,0,0,0,0,0,0,0,0,0,0,0,0,0,0,0,0,0,0,0,0,0,0,0,0,0,0,0,0,0,0,0,0,0,0,0,0,0
2021-06-11,"82,843",14,0,1,0,0,1,0,0,1,0,0,0,1,0,1,0,1,0,1,0,0,0,1,0,0,0,0,0,0,0,1,0,1,0,0,0,0,0,0,0,0,0,1,0,0,0,1,0,0,0,0,0,0,0,0,1,0,0,0,0,1,0,0
2021-06-14,"49,242",0,0,0,0,0,0,0,0,0,0,0,0,0,0,0,0,0,0,0,0,0,0,0,0,0,0,0,0,0,0,0,0,0,0,0,0,0,0,0,0,0,0,0,0,0,0,0,0,0,0,0,0,0,0,0,0,0,0,0,0,0,0,0
2021-06-15,"41,108",0,0,0,0,0,0,0,0,0,0,0,0,0,0,0,0,0,0,0,0,0,0,0,0,0,0,0,0,0,0,0,0,0,0,0,0,0,0,0,0,0,0,0,0,0,0,0,0,0,0,0,0,0,0,0,0,0,0,0,0,0,0,0
2021-06-16,"27,042",0,0,0,0,0,0,0,0,0,0,0,0,0,0,0,0,0,0,0,0,0,0,0,0,0,0,0,0,0,0,0,0,0,0,0,0,0,0,0,0,0,0,0,0,0,0,0,0,0,0,0,0,0,0,0,0,0,0,0,0,0,0,0
2021-06-17,"56,084",50,0,0,0,0,0,1,0,0,0,0,0,0,0,1,0,0,0,0,0,0,4,1,0,0,0,4,0,0,4,0,0,0,0,2,0,0,0,3,4,2,0,4,0,1,0,0,1,0,4,4,0,0,4,0,4,0,0,0,2,0,0,0
2021-06-18,"128,087",16,0,1,0,0,0,0,0,0,0,0,0,0,0,0,0,0,0,0,0,0,1,0,0,0,0,1,0,0,1,0,0,0,0,1,0,0,0,1,1,1,1,1,0,0,1,1,0,0,1,1,0,0,1,0,1,0,0,0,0,0,0,0
2021-06-21,"52,489",35,0,1,1,0,1,1,1,2,1,0,0,0,1,0,0,2,1,1,0,1,1,0,0,0,0,1,1,0,1,0,0,0,0,2,0,0,0,1,1,2,0,0,1,0,1,1,1,0,0,2,0,1,0,0,2,0,1,0,0,1,0,0
2021-06-22,"36,930",50,0,0,1,2,0,0,0,4,0,0,0,0,1,0,0,0,2,0,0,0,2,1,0,0,0,1,1,1,1,0,1,1,1,2,0,0,1,1,0,6,1,0,0,0,0,1,0,0,0,1,0,0,0,0,9,0,0,0,1,2,1,4
2021-06-23,"45,575",160,15,0,0,1,0,1,0,2,0,0,0,0,0,15,0,5,3,0,15,14,2,8,0,0,0,10,1,0,0,1,1,1,0,7,0,0,0,3,0,16,1,0,0,0,0,2,2,0,0,3,0,0,0,0,16,0,0,0,0,15,0,0
2021-06-24,"62,248",15,1,0,0,0,0,1,0,0,0,0,0,0,0,1,0,1,0,0,1,1,0,1,0,0,0,1,0,0,0,0,0,0,0,0,0,0,0,1,0,1,0,0,0,0,0,0,0,0,1,0,0,0,0,0,2,0,0,0,1,1,0,0
2021-06-25,"57,410",13,0,0,0,0,1,0,0,1,0,0,0,1,0,1,0,1,1,1,0,0,0,1,1,0,0,0,0,0,0,1,0,0,0,1,0,0,0,0,0,0,0,0,0,0,0,0,0,0,0,0,0,0,0,0,1,0,0,0,1,0,0,0
2021-06-28,"32,187",30,2,0,0,0,0,0,0,2,0,0,0,0,0,2,0,0,2,0,2,2,0,2,0,0,0,2,0,2,0,0,0,2,0,2,0,0,0,0,0,2,0,0,0,0,0,0,0,0,0,2,0,0,0,0,2,0,0,0,0,2,0,0
2021-06-29,"43,824",92,1,1,1,2,3,1,1,2,0,0,0,1,0,1,2,2,2,2,0,3,3,2,0,0,1,3,3,0,1,1,3,4,0,5,0,1,0,3,1,4,4,3,2,0,0,3,1,1,3,2,0,1,2,0,6,0,0,0,2,2,0,0
2021-06-30,"91,029",87,0,0,0,3,1,0,0,1,4,0,0,1,2,0,1,2,7,2,1,2,6,7,0,0,0,2,1,1,1,2,1,0,1,1,0,0,0,1,0,7,5,1,1,0,0,1,4,0,1,0,0,0,0,0,8,0,0,0,5,3,0,0
2021-07-01,"79,021",59,1,1,2,2,1,1,0,3,0,0,0,2,0,1,1,1,3,1,1,1,2,3,0,0,1,1,2,0,0,1,1,2,0,2,1,0,1,3,0,2,1,0,0,0,0,1,3,0,1,1,0,0,1,0,3,0,0,0,2,1,0,1
2021-07-02,"45,721",42,0,0,2,0,0,0,0,3,1,0,0,0,0,1,0,1,3,0,1,0,1,3,0,0,0,2,2,0,1,0,1,2,0,2,0,0,1,2,0,2,2,0,0,0,0,0,2,0,0,0,0,0,0,0,3,0,0,0,2,2,0,0
2021-07-05,"42,145",48,0,1,0,1,2,1,0,1,1,0,0,1,1,0,0,1,2,0,1,1,1,1,0,0,0,1,1,0,0,1,1,0,1,2,1,0,0,2,2,2,1,1,1,0,0,1,1,1,1,1,0,1,2,2,3,0,1,0,0,1,0,0
2021-07-06,"48,462",20,0,1,1,0,1,0,0,0,0,0,0,0,0,0,0,1,1,0,1,0,0,1,0,1,0,1,1,0,0,0,0,0,0,1,0,0,1,1,1,1,0,1,0,0,0,0,1,0,0,1,0,1,0,0,1,0,0,0,0,0,0,0
2021-07-07,"56,139",16,0,0,0,1,0,0,0,0,0,0,0,0,0,0,0,0,0,0,0,1,1,0,0,0,0,0,0,0,0,0,0,0,1,1,1,0,0,1,0,1,0,1,1,0,0,1,1,1,0,0,0,0,1,1,1,0,0,0,0,0,0,0
2021-07-08,"149,342",157,0,0,0,0,0,0,0,3,0,0,0,0,0,20,0,0,19,0,0,0,0,19,0,0,0,19,0,0,0,0,0,15,0,0,0,0,0,0,0,5,0,0,0,0,0,0,0,0,0,17,20,0,0,0,20,0,0,0,0,0,0,0
2021-07-09,"114,822",17,0,0,0,1,1,0,0,1,0,0,0,0,0,0,1,0,0,0,0,1,1,0,0,0,0,0,0,0,0,0,0,1,0,1,1,0,0,1,0,1,1,1,1,0,0,1,0,0,1,0,0,0,0,0,1,0,0,0,0,0,0,0
2021-07-12,"39,636",0,0,0,0,0,0,0,0,0,0,0,0,0,0,0,0,0,0,0,0,0,0,0,0,0,0,0,0,0,0,0,0,0,0,0,0,0,0,0,0,0,0,0,0,0,0,0,0,0,0,0,0,0,0,0,0,0,0,0,0,0,0,0
2021-07-13,"110,583",6,0,0,0,0,0,0,0,0,0,0,0,0,0,0,0,0,0,1,0,0,1,0,0,0,0,0,0,0,0,0,0,0,0,0,0,0,0,0,0,0,0,0,1,0,0,0,0,0,1,0,0,0,1,0,1,0,0,0,0,0,0,0
2021-07-14,"87,052",26,1,1,1,0,1,0,0,0,1,0,0,1,1,0,0,1,1,1,1,0,0,0,0,0,0,2,1,0,0,1,1,1,1,0,0,0,0,1,0,1,0,0,0,0,0,0,0,0,0,1,0,0,0,0,2,0,1,0,0,1,0,1
2021-07-15,"139,668",136,0,0,1,1,1,0,0,4,0,0,0,0,1,18,2,15,8,9,2,2,0,2,4,0,0,1,3,0,2,0,6,7,0,1,0,0,0,2,1,4,0,0,0,0,0,0,2,1,9,3,0,0,1,0,21,0,0,0,1,1,0,0
2021-07-16,"87,758",13,0,0,0,0,0,0,0,0,0,0,0,0,0,3,0,2,0,1,0,0,0,0,0,0,0,0,1,0,0,0,0,0,0,0,0,0,0,0,0,0,0,0,0,0,0,0,0,0,3,0,0,0,0,0,3,0,0,0,0,0,0,0
2021-07-19,"46,453",7,0,0,0,0,0,0,0,0,0,0,0,0,0,1,0,0,0,1,1,0,0,0,0,0,0,0,0,0,0,0,0,1,0,0,0,0,0,0,0,1,0,0,0,0,0,0,0,0,1,0,0,0,0,0,1,0,0,0,0,0,0,0
2021-07-20,"49,612",5,0,0,0,0,0,0,0,1,1,0,0,1,0,0,0,0,0,0,0,0,0,0,0,0,0,0,0,0,0,0,0,0,0,0,0,0,0,0,0,0,0,0,0,0,0,0,0,0,0,0,0,0,0,0,1,0,1,0,0,0,0,0
2021-07-21,"89,465",17,0,0,1,0,1,0,0,1,0,0,1,1,0,0,0,0,1,0,0,0,0,1,0,0,0,1,1,0,0,0,0,0,0,1,0,0,0,1,0,1,1,0,1,0,0,0,1,0,0,1,0,0,0,0,1,0,0,0,0,0,0,0
2021-07-22,"57,501",15,1,0,1,0,1,0,0,0,0,0,1,0,0,0,0,1,0,1,1,0,0,1,0,0,0,1,1,0,0,1,0,0,0,0,0,0,0,1,0,1,0,0,0,0,0,0,0,0,0,0,0,0,0,0,1,0,0,0,1,0,0,0
2021-07-23,"98,941",1,0,0,0,0,0,0,0,0,0,0,0,0,0,0,0,0,0,0,0,0,0,0,0,0,0,0,0,0,0,0,0,0,0,0,0,0,0,0,0,0,0,0,0,0,0,0,0,0,0,0,0,0,0,0,1,0,0,0,0,0,0,0
2021-07-26,"53,732",16,0,1,0,0,0,0,0,0,0,0,1,0,1,1,1,0,1,0,0,0,0,1,0,0,0,1,1,0,1,0,0,1,0,0,0,0,0,1,0,1,0,0,0,0,0,0,0,0,0,1,0,1,0,0,1,0,0,0,0,0,0,0
2021-07-27,"38,829",0,0,0,0,0,0,0,0,0,0,0,0,0,0,0,0,0,0,0,0,0,0,0,0,0,0,0,0,0,0,0,0,0,0,0,0,0,0,0,0,0,0,0,0,0,0,0,0,0,0,0,0,0,0,0,0,0,0,0,0,0,0,0
2021-07-28,"56,752",0,0,0,0,0,0,0,0,0,0,0,0,0,0,0,0,0,0,0,0,0,0,0,0,0,0,0,0,0,0,0,0,0,0,0,0,0,0,0,0,0,0,0,0,0,0,0,0,0,0,0,0,0,0,0,0,0,0,0,0,0,0,0
2021-07-29,"33,731",16,0,7,0,0,0,0,0,0,0,0,0,0,0,0,0,0,0,0,0,1,0,0,0,0,0,0,0,0,0,0,0,0,0,0,0,0,0,0,0,0,0,1,0,0,0,0,0,0,0,0,0,0,0,0,7,0,0,0,0,0,0,0
2021-07-30,"86,418",48,0,2,1,1,1,0,0,1,1,0,0,2,0,0,1,2,2,3,2,1,1,0,0,0,0,1,1,1,0,0,0,0,0,2,1,0,0,2,0,1,1,2,0,0,0,2,1,1,1,2,0,1,1,1,5,0,0,0,0,0,0,0
2021-08-02,"53,696",0,0,0,0,0,0,0,0,0,0,0,0,0,0,0,0,0,0,0,0,0,0,0,0,0,0,0,0,0,0,0,0,0,0,0,0,0,0,0,0,0,0,0,0,0,0,0,0,0,0,0,0,0,0,0,0,0,0,0,0,0,0,0
2021-08-03,"96,700",0,0,0,0,0,0,0,0,0,0,0,0,0,0,0,0,0,0,0,0,0,0,0,0,0,0,0,0,0,0,0,0,0,0,0,0,0,0,0,0,0,0,0,0,0,0,0,0,0,0,0,0,0,0,0,0,0,0,0,0,0,0,0
2021-08-04,"92,611",16,0,1,0,0,1,0,0,0,0,0,0,0,1,1,0,1,1,1,1,1,0,0,0,0,0,0,0,0,0,0,0,0,0,1,0,0,0,0,0,0,0,1,0,0,0,0,1,0,1,0,0,0,0,0,2,0,0,0,1,0,0,0
2021-08-05,"87,024",174,0,0,2,0,14,1,0,5,0,0,0,16,0,0,0,20,0,0,6,0,0,3,0,0,0,19,13,0,0,0,0,0,0,0,0,0,0,0,0,16,7,0,9,0,0,0,0,0,0,4,17,0,0,0,22,0,0,0,0,0,0,0
2021-08-06,"79,714",24,0,0,0,0,2,0,0,0,0,0,0,2,0,0,0,3,0,0,1,1,1,0,0,0,0,3,1,0,0,0,0,0,0,0,0,0,0,0,0,2,1,0,1,0,0,0,0,0,0,0,2,0,0,0,4,0,0,0,0,0,0,0
2021-08-09,"45,238",0,0,0,0,0,0,0,0,0,0,0,0,0,0,0,0,0,0,0,0,0,0,0,0,0,0,0,0,0,0,0,0,0,0,0,0,0,0,0,0,0,0,0,0,0,0,0,0,0,0,0,0,0,0,0,0,0,0,0,0,0,0,0
2021-08-10,"30,534",54,1,1,2,2,2,0,0,1,1,0,0,1,0,1,0,1,1,1,1,0,3,3,1,0,1,1,1,1,1,1,1,1,0,2,1,0,2,2,0,1,0,2,1,0,0,0,0,1,2,0,0,0,2,0,3,0,0,0,2,1,0,1
2021-08-11,"35,614",55,0,1,1,1,2,1,1,2,2,1,1,2,2,0,1,2,2,1,0,1,0,0,0,0,1,3,1,1,1,0,1,2,0,2,1,0,0,1,0,2,1,1,1,0,1,1,2,0,0,2,1,1,1,0,3,0,0,0,0,0,0,0
2021-08-12,"58,095",141,1,1,0,0,1,0,0,1,1,0,0,0,1,0,0,18,18,1,14,1,0,16,0,0,0,1,1,0,0,7,15,2,0,0,0,0,0,1,0,6,1,0,1,0,0,1,0,0,0,2,0,0,0,0,18,0,0,0,11,0,0,0
2021-08-13,"72,304",10,0,0,0,0,0,0,0,1,0,0,0,0,0,0,0,1,2,0,0,0,0,0,0,0,0,0,0,0,0,0,0,1,0,0,0,0,0,0,0,1,0,0,0,0,0,0,0,0,0,0,0,0,0,0,2,0,0,0,1,0,1,0
2021-08-17,"90,719",21,0,0,1,0,0,1,0,0,1,0,0,1,0,0,0,1,1,0,1,0,1,0,0,0,0,0,1,0,1,0,1,0,0,1,0,0,0,1,0,0,2,0,0,0,0,0,1,0,0,1,0,0,1,0,2,0,0,0,1,0,0,0
2021-08-18,"51,916",82,1,2,1,1,2,0,0,3,1,0,1,1,2,2,2,3,2,1,2,2,2,0,2,0,0,2,2,0,0,0,1,1,0,4,0,0,1,2,0,1,0,4,2,2,0,0,2,3,3,3,0,2,3,1,6,0,1,0,2,1,0,0
2021-08-19,"83,860",71,1,1,0,0,3,0,0,3,2,0,0,2,0,2,1,2,3,2,2,1,0,2,0,0,1,4,4,0,2,1,2,0,0,3,0,0,0,4,0,3,2,0,2,0,0,0,2,0,0,0,0,0,3,0,4,0,2,0,3,1,0,1
2021-08-20,"82,814",24,1,1,1,0,1,0,1,0,1,0,0,0,1,1,0,1,1,1,1,1,0,1,0,0,0,1,1,0,1,0,1,0,0,1,0,0,0,0,0,1,0,0,0,0,0,0,0,0,1,1,0,0,0,0,1,0,1,0,0,0,0,0
2021-08-23,"52,735",40,1,1,1,1,1,1,0,1,2,0,0,0,1,2,1,2,2,0,1,1,0,0,1,1,0,2,1,1,0,0,0,1,0,2,0,0,0,2,0,1,0,0,0,0,0,0,1,0,0,2,0,1,1,0,2,0,0,0,1,0,1,0
2021-08-24,"51,502",0,0,0,0,0,0,0,0,0,0,0,0,0,0,0,0,0,0,0,0,0,0,0,0,0,0,0,0,0,0,0,0,0,0,0,0,0,0,0,0,0,0,0,0,0,0,0,0,0,0,0,0,0,0,0,0,0,0,0,0,0,0,0
2021-08-25,"36,599",0,0,0,0,0,0,0,0,0,0,0,0,0,0,0,0,0,0,0,0,0,0,0,0,0,0,0,0,0,0,0,0,0,0,0,0,0,0,0,0,0,0,0,0,0,0,0,0,0,0,0,0,0,0,0,0,0,0,0,0,0,0,0
2021-08-26,"50,583",0,0,0,0,0,0,0,0,0,0,0,0,0,0,0,0,0,0,0,0,0,0,0,0,0,0,0,0,0,0,0,0,0,0,0,0,0,0,0,0,0,0,0,0,0,0,0,0,0,0,0,0,0,0,0,0,0,0,0,0,0,0,0
2021-08-27,"57,848",6,0,0,0,0,0,0,0,1,0,0,0,1,0,0,0,1,1,0,0,0,0,0,0,0,0,0,0,0,0,0,0,0,0,0,0,0,0,0,0,0,0,0,0,0,0,0,0,0,0,0,0,0,0,0,1,0,0,0,1,0,0,0
2021-08-30,"29,362",0,0,0,0,0,0,0,0,0,0,0,0,0,0,0,0,0,0,0,0,0,0,0,0,0,0,0,0,0,0,0,0,0,0,0,0,0,0,0,0,0,0,0,0,0,0,0,0,0,0,0,0,0,0,0,0,0,0,0,0,0,0,0
2021-08-31,"65,730",0,0,0,0,0,0,0,0,0,0,0,0,0,0,0,0,0,0,0,0,0,0,0,0,0,0,0,0,0,0,0,0,0,0,0,0,0,0,0,0,0,0,0,0,0,0,0,0,0,0,0,0,0,0,0,0,0,0,0,0,0,0,0
2021-09-01,"37,352",75,0,0,0,0,0,1,0,5,0,0,0,0,0,0,0,0,4,0,0,7,7,0,0,0,0,3,4,4,0,0,0,0,0,0,0,0,0,0,0,7,0,4,0,0,7,0,7,0,0,3,0,0,0,0,7,0,0,0,5,0,0,0
2021-09-02,"57,549",0,0,0,0,0,0,0,0,0,0,0,0,0,0,0,0,0,0,0,0,0,0,0,0,0,0,0,0,0,0,0,0,0,0,0,0,0,0,0,0,0,0,0,0,0,0,0,0,0,0,0,0,0,0,0,0,0,0,0,0,0,0,0
2021-09-03,"50,955",0,0,0,0,0,0,0,0,0,0,0,0,0,0,0,0,0,0,0,0,0,0,0,0,0,0,0,0,0,0,0,0,0,0,0,0,0,0,0,0,0,0,0,0,0,0,0,0,0,0,0,0,0,0,0,0,0,0,0,0,0,0,0
2021-09-06,"61,605",81,0,3,0,0,3,0,0,3,1,0,0,0,0,1,0,3,3,0,0,1,2,2,0,0,0,3,0,0,0,0,0,0,0,6,2,0,0,6,0,5,0,6,2,2,0,3,1,3,5,3,0,0,3,0,6,0,0,0,3,0,0,0
2021-09-07,"51,617",76,1,1,0,1,1,1,0,1,0,1,1,3,1,2,6,1,1,0,1,1,2,1,0,1,0,3,2,0,0,0,0,1,0,7,0,1,0,6,0,4,0,6,0,0,0,0,3,0,0,1,0,0,0,0,7,0,0,0,6,0,1,0
2021-09-08,"75,497",11,0,0,0,0,0,1,0,0,0,0,0,0,1,0,1,0,0,0,0,0,0,0,0,0,0,1,0,0,1,0,0,0,0,0,0,0,0,1,0,0,0,1,0,0,0,0,0,0,0,1,1,0,0,0,1,0,0,0,1,0,0,0
2021-09-09,"99,734",299,12,9,0,0,9,1,0,7,0,17,10,8,11,17,1,16,17,0,16,0,11,1,0,11,0,11,0,0,8,0,0,2,0,0,0,1,0,0,0,26,0,1,11,0,0,0,1,0,0,14,0,0,11,0,29,0,0,0,10,0,0,0
2021-09-10,"125,861",19,0,1,0,0,0,1,0,0,0,0,0,1,1,0,1,0,0,0,0,0,1,0,0,0,0,1,0,0,1,0,1,0,0,1,0,0,0,1,0,1,0,1,1,0,0,0,0,0,0,2,0,0,0,0,2,0,0,0,1,0,0,0
2021-09-13,"55,233",0,0,0,0,0,0,0,0,0,0,0,0,0,0,0,0,0,0,0,0,0,0,0,0,0,0,0,0,0,0,0,0,0,0,0,0,0,0,0,0,0,0,0,0,0,0,0,0,0,0,0,0,0,0,0,0,0,0,0,0,0,0,0
2021-09-14,"45,513",0,0,0,0,0,0,0,0,0,0,0,0,0,0,0,0,0,0,0,0,0,0,0,0,0,0,0,0,0,0,0,0,0,0,0,0,0,0,0,0,0,0,0,0,0,0,0,0,0,0,0,0,0,0,0,0,0,0,0,0,0,0,0
2021-09-15,"35,411",0,0,0,0,0,0,0,0,0,0,0,0,0,0,0,0,0,0,0,0,0,0,0,0,0,0,0,0,0,0,0,0,0,0,0,0,0,0,0,0,0,0,0,0,0,0,0,0,0,0,0,0,0,0,0,0,0,0,0,0,0,0,0
2021-09-16,"30,850",4,0,0,1,0,0,0,0,0,0,0,0,0,0,0,0,0,0,0,0,0,0,0,0,0,0,1,0,0,0,0,0,0,0,0,0,0,0,0,0,0,0,0,0,0,0,0,0,0,0,0,0,0,0,0,1,0,0,0,1,0,0,0
2021-09-17,"66,285",29,0,0,3,0,0,1,0,0,1,0,0,2,0,0,0,2,0,0,0,1,2,0,0,0,0,2,0,0,0,0,0,1,0,1,0,0,0,3,0,0,1,1,1,0,0,0,1,0,0,0,1,0,0,0,3,0,0,0,2,0,0,0
2021-09-23,"45,524",0,0,0,0,0,0,0,0,0,0,0,0,0,0,0,0,0,0,0,0,0,0,0,0,0,0,0,0,0,0,0,0,0,0,0,0,0,0,0,0,0,0,0,0,0,0,0,0,0,0,0,0,0,0,0,0,0,0,0,0,0,0,0
2021-09-24,"42,620",0,0,0,0,0,0,0,0,0,0,0,0,0,0,0,0,0,0,0,0,0,0,0,0,0,0,0,0,0,0,0,0,0,0,0,0,0,0,0,0,0,0,0,0,0,0,0,0,0,0,0,0,0,0,0,0,0,0,0,0,0,0,0
2021-09-27,"37,745",0,0,0,0,0,0,0,0,0,0,0,0,0,0,0,0,0,0,0,0,0,0,0,0,0,0,0,0,0,0,0,0,0,0,0,0,0,0,0,0,0,0,0,0,0,0,0,0,0,0,0,0,0,0,0,0,0,0,0,0,0,0,0
2021-09-28,"36,400",0,0,0,0,0,0,0,0,0,0,0,0,0,0,0,0,0,0,0,0,0,0,0,0,0,0,0,0,0,0,0,0,0,0,0,0,0,0,0,0,0,0,0,0,0,0,0,0,0,0,0,0,0,0,0,0,0,0,0,0,0,0,0
2021-09-29,"59,133",184,0,7,2,2,12,2,0,2,0,0,0,0,1,0,0,8,15,0,16,5,1,14,0,0,0,12,15,1,0,0,0,10,1,7,5,0,1,14,0,2,1,1,0,1,0,0,0,0,0,6,0,1,0,0,17,0,0,0,1,0,1,0
2021-09-30,"72,080",29,0,2,0,0,2,0,0,0,0,0,0,0,1,0,0,2,2,0,2,1,0,2,0,0,0,2,2,0,0,0,0,2,0,1,1,0,0,2,0,1,0,0,0,0,0,0,0,0,0,2,0,0,0,0,2,0,0,0,0,0,0,0
2021-10-01,"33,719",52,1,2,1,0,1,1,0,1,2,0,1,0,1,1,0,2,2,1,2,2,0,0,0,0,0,2,2,1,0,1,1,1,0,2,2,0,1,2,1,2,1,0,2,0,1,0,0,0,0,2,0,0,1,0,2,0,2,0,2,0,0,0
2021-10-05,"45,386",0,0,0,0,0,0,0,0,0,0,0,0,0,0,0,0,0,0,0,0,0,0,0,0,0,0,0,0,0,0,0,0,0,0,0,0,0,0,0,0,0,0,0,0,0,0,0,0,0,0,0,0,0,0,0,0,0,0,0,0,0,0,0
2021-10-06,"58,048",20,0,1,1,1,0,0,0,0,1,0,0,0,0,0,0,1,1,0,0,1,0,0,0,0,0,1,1,0,0,0,0,0,1,1,1,0,0,1,1,1,1,0,1,0,0,0,1,0,0,1,0,0,0,0,1,0,0,0,0,0,0,0
2021-10-07,"39,524",47,0,1,1,1,1,0,0,0,1,0,0,0,1,0,0,1,2,0,0,1,1,0,0,0,0,2,0,1,0,0,0,0,1,3,3,0,0,3,2,2,2,2,3,0,0,1,2,0,2,2,1,0,1,0,3,0,0,0,0,0,0,0
2021-10-08,"49,517",33,0,0,0,2,0,0,0,0,0,0,0,2,0,0,0,2,2,2,2,0,0,2,0,0,0,1,2,2,0,2,2,0,0,0,0,0,0,2,0,2,2,0,0,0,0,0,0,0,0,0,0,0,0,0,2,0,0,0,2,0,0,0
2021-10-12,"40,029",40,0,1,0,1,2,1,0,1,0,0,0,0,1,0,0,0,1,0,0,2,1,0,0,0,0,2,1,0,1,0,0,1,1,2,1,0,0,2,2,2,0,1,0,0,0,1,0,1,2,2,1,0,1,1,2,0,0,0,1,1,0,0
2021-10-13,"45,528",0,0,0,0,0,0,0,0,0,0,0,0,0,0,0,0,0,0,0,0,0,0,0,0,0,0,0,0,0,0,0,0,0,0,0,0,0,0,0,0,0,0,0,0,0,0,0,0,0,0,0,0,0,0,0,0,0,0,0,0,0,0,0
2021-10-14,"46,045",0,0,0,0,0,0,0,0,0,0,0,0,0,0,0,0,0,0,0,0,0,0,0,0,0,0,0,0,0,0,0,0,0,0,0,0,0,0,0,0,0,0,0,0,0,0,0,0,0,0,0,0,0,0,0,0,0,0,0,0,0,0,0
2021-10-15,"49,195",0,0,0,0,0,0,0,0,0,0,0,0,0,0,0,0,0,0,0,0,0,0,0,0,0,0,0,0,0,0,0,0,0,0,0,0,0,0,0,0,0,0,0,0,0,0,0,0,0,0,0,0,0,0,0,0,0,0,0,0,0,0,0
2021-10-18,"55,791",69,1,0,0,0,0,0,0,23,0,0,0,0,0,0,0,0,0,0,0,0,0,0,0,0,0,3,1,0,1,0,1,0,0,1,0,0,0,0,0,4,0,0,0,0,0,0,0,0,0,6,0,0,0,0,27,0,0,0,1,0,0,0
2021-10-19,"44,165",30,1,1,1,1,1,0,0,3,1,0,0,0,0,0,0,1,0,0,0,1,0,0,0,0,0,2,0,0,0,0,0,0,0,1,1,0,1,1,1,2,1,1,0,0,0,0,0,0,0,1,1,0,1,0,5,0,0,0,0,0,0,0
2021-10-20,"43,893",0,0,0,0,0,0,0,0,0,0,0,0,0,0,0,0,0,0,0,0,0,0,0,0,0,0,0,0,0,0,0,0,0,0,0,0,0,0,0,0,0,0,0,0,0,0,0,0,0,0,0,0,0,0,0,0,0,0,0,0,0,0,0
2021-10-21,"103,784",0,0,0,0,0,0,0,0,0,0,0,0,0,0,0,0,0,0,0,0,0,0,0,0,0,0,0,0,0,0,0,0,0,0,0,0,0,0,0,0,0,0,0,0,0,0,0,0,0,0,0,0,0,0,0,0,0,0,0,0,0,0,0
2021-10-22,"26,953",21,1,0,0,0,1,0,0,1,1,0,1,1,1,0,0,1,1,1,1,0,1,0,0,0,0,1,1,0,0,0,0,0,0,0,0,0,0,1,0,1,0,0,0,0,0,0,1,0,0,1,0,0,0,0,1,0,0,0,0,1,0,1
2021-10-25,"28,467",15,1,1,0,0,0,0,0,1,0,0,0,0,0,1,0,1,1,0,1,0,1,1,0,0,0,1,1,0,0,0,0,0,0,0,0,0,0,0,0,1,1,0,0,0,0,0,0,0,0,1,0,0,0,0,1,0,0,0,0,0,0,0
2021-10-26,"30,410",43,1,2,1,1,2,1,1,1,1,0,1,1,1,0,1,1,1,1,2,0,1,1,0,0,0,2,1,1,1,1,0,1,1,2,0,0,1,1,0,2,1,0,1,0,0,0,0,0,0,1,1,1,0,0,2,0,0,0,0,0,0,0
2021-10-27,"65,691",90,0,4,1,0,1,1,6,0,1,0,0,1,1,6,0,1,7,0,6,1,1,6,5,0,0,7,1,1,0,0,0,1,1,1,1,0,0,1,1,1,1,1,0,1,1,1,1,0,0,1,2,1,0,1,8,0,0,0,5,1,0,0
2021-10-28,"55,098",0,0,0,0,0,0,0,0,0,0,0,0,0,0,0,0,0,0,0,0,0,0,0,0,0,0,0,0,0,0,0,0,0,0,0,0,0,0,0,0,0,0,0,0,0,0,0,0,0,0,0,0,0,0,0,0,0,0,0,0,0,0,0
2021-10-29,"66,135",46,1,4,0,2,3,1,0,1,0,0,0,0,1,0,0,0,1,0,1,4,1,1,0,1,0,2,1,1,0,0,0,0,0,0,0,0,0,1,0,1,0,2,1,0,0,1,1,0,0,2,0,0,2,1,5,0,0,0,2,0,1,0
2021-11-01,"57,372",0,0,0,0,0,0,0,0,0,0,0,0,0,0,0,0,0,0,0,0,0,0,0,0,0,0,0,0,0,0,0,0,0,0,0,0,0,0,0,0,0,0,0,0,0,0,0,0,0,0,0,0,0,0,0,0,0,0,0,0,0,0,0
2021-11-02,"71,840",0,0,0,0,0,0,0,0,0,0,0,0,0,0,0,0,0,0,0,0,0,0,0,0,0,0,0,0,0,0,0,0,0,0,0,0,0,0,0,0,0,0,0,0,0,0,0,0,0,0,0,0,0,0,0,0,0,0,0,0,0,0,0
2021-11-03,"56,639",0,0,0,0,0,0,0,0,0,0,0,0,0,0,0,0,0,0,0,0,0,0,0,0,0,0,0,0,0,0,0,0,0,0,0,0,0,0,0,0,0,0,0,0,0,0,0,0,0,0,0,0,0,0,0,0,0,0,0,0,0,0,0
2021-11-04,"60,423",0,0,0,0,0,0,0,0,0,0,0,0,0,0,0,0,0,0,0,0,0,0,0,0,0,0,0,0,0,0,0,0,0,0,0,0,0,0,0,0,0,0,0,0,0,0,0,0,0,0,0,0,0,0,0,0,0,0,0,0,0,0,0
2021-11-05,"55,714",19,0,0,0,0,1,0,0,0,0,0,0,0,0,0,0,0,0,0,0,0,2,0,0,1,0,0,0,0,0,0,0,0,0,2,0,0,0,2,0,1,0,0,0,1,0,2,1,0,2,0,0,0,0,2,2,0,0,0,0,0,0,0
2021-11-08,"25,320",0,0,0,0,0,0,0,0,0,0,0,0,0,0,0,0,0,0,0,0,0,0,0,0,0,0,0,0,0,0,0,0,0,0,0,0,0,0,0,0,0,0,0,0,0,0,0,0,0,0,0,0,0,0,0,0,0,0,0,0,0,0,0
2021-11-09,"45,608",0,0,0,0,0,0,0,0,0,0,0,0,0,0,0,0,0,0,0,0,0,0,0,0,0,0,0,0,0,0,0,0,0,0,0,0,0,0,0,0,0,0,0,0,0,0,0,0,0,0,0,0,0,0,0,0,0,0,0,0,0,0,0
2021-11-10,"23,097",0,0,0,0,0,0,0,0,0,0,0,0,0,0,0,0,0,0,0,0,0,0,0,0,0,0,0,0,0,0,0,0,0,0,0,0,0,0,0,0,0,0,0,0,0,0,0,0,0,0,0,0,0,0,0,0,0,0,0,0,0,0,0
2021-11-11,"44,976",11,0,0,0,0,0,0,0,0,0,0,0,0,0,0,0,0,0,0,0,1,1,0,0,0,0,0,0,0,0,0,0,0,0,1,0,0,0,1,0,0,0,1,1,0,0,1,1,0,1,0,0,0,0,1,1,0,0,0,0,0,0,0
2021-11-12,"28,542",0,0,0,0,0,0,0,0,0,0,0,0,0,0,0,0,0,0,0,0,0,0,0,0,0,0,0,0,0,0,0,0,0,0,0,0,0,0,0,0,0,0,0,0,0,0,0,0,0,0,0,0,0,0,0,0,0,0,0,0,0,0,0
2021-11-15,"27,052",24,0,0,1,1,1,0,0,1,0,0,0,1,1,1,0,1,1,1,1,0,0,0,0,0,0,1,1,0,0,1,1,0,0,1,0,0,0,1,0,1,0,1,1,0,0,0,0,0,0,1,0,0,0,0,1,0,0,0,1,0,0,1
2021-11-16,"38,998",8,0,0,1,0,0,0,0,0,1,0,0,0,0,0,0,0,0,0,0,0,0,0,0,0,0,0,0,0,0,0,0,1,0,1,0,0,0,0,0,0,0,0,1,0,0,0,0,0,0,1,0,1,0,0,1,0,0,0,0,0,0,0
2021-11-17,"57,139",0,0,0,0,0,0,0,0,0,0,0,0,0,0,0,0,0,0,0,0,0,0,0,0,0,0,0,0,0,0,0,0,0,0,0,0,0,0,0,0,0,0,0,0,0,0,0,0,0,0,0,0,0,0,0,0,0,0,0,0,0,0,0
2021-11-18,"40,039",114,0,0,0,9,0,0,0,4,0,0,0,12,0,0,0,13,0,0,3,0,0,0,0,0,0,11,0,0,0,0,0,0,0,1,0,0,0,0,7,13,4,0,1,0,0,0,13,0,0,1,7,1,0,0,14,0,0,0,0,0,0,0
2021-11-19,"35,367",50,0,0,5,0,1,0,0,4,0,0,0,1,0,0,0,1,0,0,1,0,0,0,0,0,0,7,0,0,4,0,0,0,6,5,4,0,0,0,0,1,0,0,0,0,0,0,3,0,0,0,0,0,0,0,7,0,0,0,0,0,0,0
2021-11-22,"41,422",148,1,1,8,7,1,0,0,2,1,0,10,1,0,0,0,12,7,11,1,1,0,0,0,0,0,12,12,0,0,0,0,11,9,0,0,0,0,1,0,12,0,0,0,0,0,0,1,0,1,0,0,0,1,0,12,0,1,0,1,10,0,0
2021-11-23,"79,658",31,0,2,0,1,1,2,0,2,1,0,0,0,0,0,0,2,2,1,1,0,0,0,0,1,0,2,0,0,0,1,0,0,0,0,0,0,1,1,0,2,0,0,0,0,0,0,0,0,0,1,0,1,1,0,2,0,1,0,1,1,0,0
2021-11-24,"193,585",0,0,0,0,0,0,0,0,0,0,0,0,0,0,0,0,0,0,0,0,0,0,0,0,0,0,0,0,0,0,0,0,0,0,0,0,0,0,0,0,0,0,0,0,0,0,0,0,0,0,0,0,0,0,0,0,0,0,0,0,0,0,0
2021-11-25,"47,595",35,0,2,0,0,1,1,0,1,2,0,0,0,0,2,0,0,3,1,2,0,1,3,2,0,0,2,0,0,0,2,0,0,1,1,0,0,0,1,0,0,1,0,0,0,0,0,0,0,0,1,0,0,0,1,3,0,0,0,0,1,0,0
2021-11-26,"48,341",12,0,0,0,0,1,0,0,0,0,0,0,0,0,0,0,1,1,0,0,1,0,0,0,0,0,1,1,0,0,0,0,0,0,0,0,0,0,1,0,0,0,0,0,0,0,0,1,0,0,1,0,1,0,0,1,0,1,0,0,0,0,0
2021-11-29,"55,462",11,0,1,1,0,0,1,0,0,0,0,0,0,0,0,0,1,1,0,0,0,0,0,0,0,0,1,0,0,0,0,0,0,0,0,0,0,0,0,0,1,0,0,0,0,0,0,0,0,0,1,0,1,1,0,1,0,0,0,0,0,0,0
2021-11-30,"119,315",14,0,0,0,0,0,0,0,1,1,0,1,0,0,0,0,1,0,1,0,0,0,1,0,0,0,1,1,0,0,1,0,0,0,0,0,0,0,1,0,0,0,0,0,0,0,0,0,0,0,1,0,0,0,0,1,0,1,0,0,1,0,0
2021-12-01,"68,148",141,0,2,6,2,12,0,0,14,0,0,0,0,1,0,0,0,1,0,0,1,0,0,0,0,0,10,3,2,3,0,0,6,0,2,0,0,0,0,0,9,0,21,0,0,0,0,2,0,0,19,0,0,0,0,22,0,0,0,3,0,0,0
2021-12-02,"58,329",25,0,1,2,0,1,0,0,3,0,0,0,0,0,0,0,0,0,0,0,0,0,0,0,0,0,1,1,0,1,0,0,1,0,1,0,0,0,0,0,2,0,4,0,0,0,0,0,0,0,3,0,0,0,0,4,0,0,0,0,0,0,0
2021-12-03,"46,455",21,0,0,1,0,2,0,0,2,0,0,0,0,0,0,1,0,0,0,1,0,0,0,0,0,0,2,2,0,0,0,0,0,0,0,0,0,0,2,0,2,0,0,0,0,0,0,1,0,0,2,0,0,0,0,2,0,0,0,1,0,0,0
2021-12-06,"36,738",4,0,0,0,0,0,0,0,1,0,0,0,0,0,0,0,0,0,0,0,1,0,0,0,0,0,0,0,0,0,0,0,0,0,0,0,0,0,0,0,0,0,0,0,0,0,0,1,0,0,0,0,0,0,0,1,0,0,0,0,0,0,0
2021-12-07,"39,036",216,0,3,3,20,10,0,0,25,0,0,0,2,1,1,0,3,3,1,17,0,0,2,0,1,0,26,15,1,2,1,6,1,0,3,0,0,1,5,4,14,0,0,0,0,0,0,8,0,0,7,0,0,0,0,26,0,0,0,2,1,0,1
2021-12-08,"56,351",82,0,4,2,3,3,0,0,3,1,0,0,0,3,0,0,1,4,2,4,1,1,3,1,0,0,5,3,0,0,2,4,1,0,4,1,0,0,4,3,3,0,2,0,0,0,0,2,0,2,2,0,0,2,0,5,0,0,0,1,0,0,0
2021-12-09,"77,926",120,1,0,0,1,13,1,0,1,0,0,0,1,0,1,0,4,5,0,1,0,0,0,0,0,0,19,9,0,0,0,0,1,0,11,0,0,0,2,0,6,0,0,0,0,0,0,4,0,1,12,0,0,0,0,26,0,0,0,0,0,0,0
2021-12-10,"35,355",24,0,0,0,1,1,1,0,3,0,0,0,0,0,0,0,0,0,0,0,1,1,0,0,0,0,0,1,2,2,1,0,0,0,2,0,0,0,0,1,0,0,2,0,0,0,0,0,0,1,0,0,0,0,0,4,0,0,0,0,0,0,0
2021-12-13,"52,852",7,0,0,0,0,1,0,0,0,0,0,0,0,0,0,0,0,0,0,0,0,0,0,0,0,0,0,0,0,0,0,0,0,0,0,0,0,0,0,0,1,0,1,0,0,0,0,0,0,0,1,1,0,0,0,1,0,0,0,1,0,0,0
2021-12-14,"43,242",13,0,0,0,0,0,0,0,1,1,0,0,0,0,0,0,1,1,1,0,0,0,1,0,0,0,0,0,0,0,0,0,0,0,1,0,0,1,1,0,1,0,0,0,0,0,0,0,0,0,1,0,0,0,0,1,0,0,0,1,0,0,0
2021-12-15,"26,315",11,0,0,0,1,0,0,0,0,0,0,0,0,0,0,0,0,0,0,0,0,0,0,0,0,0,2,0,0,0,0,0,0,0,0,0,0,0,1,0,1,0,1,0,0,0,0,0,0,0,1,1,0,0,0,2,0,0,0,1,0,0,0
2021-12-16,"47,920",0,0,0,0,0,0,0,0,0,0,0,0,0,0,0,0,0,0,0,0,0,0,0,0,0,0,0,0,0,0,0,0,0,0,0,0,0,0,0,0,0,0,0,0,0,0,0,0,0,0,0,0,0,0,0,0,0,0,0,0,0,0,0
2021-12-17,"46,755",0,0,0,0,0,0,0,0,0,0,0,0,0,0,0,0,0,0,0,0,0,0,0,0,0,0,0,0,0,0,0,0,0,0,0,0,0,0,0,0,0,0,0,0,0,0,0,0,0,0,0,0,0,0,0,0,0,0,0,0,0,0,0
2021-12-20,"43,275",0,0,0,0,0,0,0,0,0,0,0,0,0,0,0,0,0,0,0,0,0,0,0,0,0,0,0,0,0,0,0,0,0,0,0,0,0,0,0,0,0,0,0,0,0,0,0,0,0,0,0,0,0,0,0,0,0,0,0,0,0,0,0
2021-12-21,"42,047",14,0,0,0,0,0,0,0,1,0,0,0,0,0,0,0,0,1,1,0,1,1,1,0,0,0,0,0,0,0,0,0,1,0,1,0,1,0,1,0,1,0,1,0,0,0,0,0,0,0,0,0,0,0,0,1,0,0,0,1,0,0,0
2021-12-22,"57,267",13,0,0,0,0,1,0,0,0,0,0,0,0,0,0,0,1,1,1,1,0,0,0,0,0,0,0,1,0,0,1,0,1,0,0,0,0,0,1,0,0,0,0,0,0,1,0,0,0,0,0,0,0,0,0,1,0,0,0,1,1,0,0
2021-12-23,"67,029",0,0,0,0,0,0,0,0,0,0,0,0,0,0,0,0,0,0,0,0,0,0,0,0,0,0,0,0,0,0,0,0,0,0,0,0,0,0,0,0,0,0,0,0,0,0,0,0,0,0,0,0,0,0,0,0,0,0,0,0,0,0,0
2021-12-24,"35,024",0,0,0,0,0,0,0,0,0,0,0,0,0,0,0,0,0,0,0,0,0,0,0,0,0,0,0,0,0,0,0,0,0,0,0,0,0,0,0,0,0,0,0,0,0,0,0,0,0,0,0,0,0,0,0,0,0,0,0,0,0,0,0
2021-12-27,"25,753",0,0,0,0,0,0,0,0,0,0,0,0,0,0,0,0,0,0,0,0,0,0,0,0,0,0,0,0,0,0,0,0,0,0,0,0,0,0,0,0,0,0,0,0,0,0,0,0,0,0,0,0,0,0,0,0,0,0,0,0,0,0,0
2021-12-28,"54,858",0,0,0,0,0,0,0,0,0,0,0,0,0,0,0,0,0,0,0,0,0,0,0,0,0,0,0,0,0,0,0,0,0,0,0,0,0,0,0,0,0,0,0,0,0,0,0,0,0,0,0,0,0,0,0,0,0,0,0,0,0,0,0
2021-12-29,"52,958",30,1,1,1,1,1,1,0,1,1,0,0,0,0,0,0,1,1,1,0,0,1,0,0,0,0,1,0,0,0,0,0,0,1,1,1,0,1,0,1,1,1,1,0,1,1,0,1,1,1,1,0,1,1,0,1,0,0,0,0,0,0,0
2021-12-30,"48,733",124,0,0,0,5,0,9,0,0,0,0,0,0,1,0,0,17,11,0,0,15,0,0,0,0,0,0,0,0,0,0,17,0,0,0,0,0,0,0,0,14,0,0,0,0,0,0,4,0,0,6,0,0,0,0,17,0,0,0,0,8,0,0
